-- phpMyAdmin SQL Dump
-- version 3.5.2.2
-- http://www.phpmyadmin.net
--
-- Host: 127.0.0.1
-- Generation Time: Jan 27, 2016 at 04:39 PM
-- Server version: 5.5.27
-- PHP Version: 5.4.7

SET SQL_MODE="NO_AUTO_VALUE_ON_ZERO";
SET time_zone = "+00:00";


/*!40101 SET @OLD_CHARACTER_SET_CLIENT=@@CHARACTER_SET_CLIENT */;
/*!40101 SET @OLD_CHARACTER_SET_RESULTS=@@CHARACTER_SET_RESULTS */;
/*!40101 SET @OLD_COLLATION_CONNECTION=@@COLLATION_CONNECTION */;
/*!40101 SET NAMES utf8 */;

--
-- Database: `feedbox`
--

-- --------------------------------------------------------

--
-- Table structure for table `fb_locations`
--

CREATE TABLE IF NOT EXISTS `fb_locations` (
  `id` int(11) NOT NULL AUTO_INCREMENT,
  `name` varchar(255) NOT NULL,
  `type` varchar(255) NOT NULL,
  `is_published` enum('0','1') NOT NULL DEFAULT '1' COMMENT '1 = ''Published'', 0 = ''UnPublished''',
  `is_deleted` enum('0','1') NOT NULL DEFAULT '0' COMMENT '0 = not deleted , 1 = deleted',
  `added_date` datetime NOT NULL,
  `updated_date` datetime DEFAULT NULL,
  PRIMARY KEY (`id`)
) ENGINE=InnoDB  DEFAULT CHARSET=latin1 AUTO_INCREMENT=19 ;

--
-- Dumping data for table `fb_locations`
--

INSERT INTO `fb_locations` (`id`, `name`, `type`, `is_published`, `is_deleted`, `added_date`, `updated_date`) VALUES
(1, 'Hemas Group IT', 'hospital', '1', '0', '0000-00-00 00:00:00', '2016-01-27 07:25:06'),
(2, 'Hotel', 'hotel', '1', '0', '0000-00-00 00:00:00', '2016-01-27 07:15:25'),
(18, 'xzXzx', 'hotel', '1', '1', '2016-01-27 07:02:05', NULL);

-- --------------------------------------------------------

--
-- Table structure for table `fb_patients`
--

CREATE TABLE IF NOT EXISTS `fb_patients` (
  `id` int(11) NOT NULL AUTO_INCREMENT,
  `patient_number` varchar(255) NOT NULL,
  `patient_name` varchar(255) NOT NULL,
  `patient_contact_no` varchar(15) DEFAULT NULL,
  `patient_email` varchar(255) DEFAULT NULL,
  `patient_admission_date` datetime DEFAULT NULL,
  `patient_discharge_date` datetime DEFAULT NULL,
  `is_deleted` enum('0','1') NOT NULL,
  `added_date` datetime NOT NULL,
  `updated_date` datetime DEFAULT NULL,
  PRIMARY KEY (`id`)
) ENGINE=InnoDB  DEFAULT CHARSET=latin1 AUTO_INCREMENT=25 ;

--
-- Dumping data for table `fb_patients`
--

INSERT INTO `fb_patients` (`id`, `patient_number`, `patient_name`, `patient_contact_no`, `patient_email`, `patient_admission_date`, `patient_discharge_date`, `is_deleted`, `added_date`, `updated_date`) VALUES
(1, '1234', 'Patient', '', '', '0000-00-00 00:00:00', '0000-00-00 00:00:00', '0', '2016-01-13 07:54:27', '2016-01-13 08:03:35'),
(2, 'vbvb', 'bvcbv', '', 'vbcvb@dfsdf.dgrg', '0000-00-00 00:00:00', '0000-00-00 00:00:00', '0', '2016-01-13 08:03:59', NULL),
(3, 'yjfyuf', 'ihi', '', '', '0000-00-00 00:00:00', '0000-00-00 00:00:00', '0', '2016-01-13 08:17:58', NULL),
(4, 'gvgvyuv', 'pain & complaint management', '', '', '0000-00-00 00:00:00', '0000-00-00 00:00:00', '0', '2016-01-13 10:15:54', NULL),
(5, 'xzxzxzX', 'bgb', '', '', '0000-00-00 00:00:00', '0000-00-00 00:00:00', '0', '2016-01-14 05:16:53', '2016-01-14 05:44:54'),
(6, 'gjg', 'vhjv', '', '', '0000-00-00 00:00:00', '0000-00-00 00:00:00', '0', '2016-01-14 06:36:23', NULL),
(7, 'fsdf', 'fdsf', '', '', '0000-00-00 00:00:00', '0000-00-00 00:00:00', '0', '2016-01-18 04:43:01', '2016-01-27 09:55:57'),
(8, 'xvxcv', 'gdg', '', '', '0000-00-00 00:00:00', '0000-00-00 00:00:00', '0', '2016-01-21 06:34:22', '2016-01-21 06:34:23'),
(9, 'czxcxc', 'czxczxc', '', '', '0000-00-00 00:00:00', '0000-00-00 00:00:00', '0', '2016-01-21 11:43:10', NULL),
(10, 'dad', 'sdasd', '', '', '0000-00-00 00:00:00', '0000-00-00 00:00:00', '0', '2016-01-25 09:56:28', NULL),
(11, 'zcx', 'dasds', '', '', '0000-00-00 00:00:00', '0000-00-00 00:00:00', '0', '2016-01-25 16:01:25', '2016-01-25 16:01:26'),
(12, 'cxcx', 'cxc', '', '', '0000-00-00 00:00:00', '0000-00-00 00:00:00', '0', '2016-01-25 16:06:55', NULL),
(13, 'cxc', 'xx', '', '', '0000-00-00 00:00:00', '0000-00-00 00:00:00', '0', '2016-01-25 16:07:39', '2016-01-26 15:04:55'),
(14, 'vdvdfg', 'gfg', '', '', '0000-00-00 00:00:00', '0000-00-00 00:00:00', '0', '2016-01-26 05:43:19', '2016-01-26 05:43:19'),
(15, 'df', 'ddd', '', '', '0000-00-00 00:00:00', '0000-00-00 00:00:00', '0', '2016-01-26 06:08:38', NULL),
(16, 'fsdgfgf', 'fdsf', '', '', '0000-00-00 00:00:00', '0000-00-00 00:00:00', '0', '2016-01-26 09:33:01', '2016-01-26 09:33:02'),
(17, 'vxcv', 'czxczc', '', '', '0000-00-00 00:00:00', '0000-00-00 00:00:00', '0', '2016-01-26 11:08:28', '2016-01-26 11:12:41'),
(18, 'sfd', 'dasds', '', '', '0000-00-00 00:00:00', '0000-00-00 00:00:00', '0', '2016-01-26 11:32:40', '2016-01-26 11:35:17'),
(19, 'xzx', 'czcz', '', '', '0000-00-00 00:00:00', '0000-00-00 00:00:00', '0', '2016-01-26 11:38:20', NULL),
(20, 'jhyjxzx', 'fdfdf', '', 'nvbnb@fsdf.gdg', '0000-00-00 00:00:00', '0000-00-00 00:00:00', '0', '2016-01-27 09:39:16', NULL),
(21, 'dsd', 'dsad', '', '', '0000-00-00 00:00:00', '0000-00-00 00:00:00', '0', '2016-01-27 09:41:40', NULL),
(22, 'dasd', 'dasdasd', '', '', '0000-00-00 00:00:00', '0000-00-00 00:00:00', '0', '2016-01-27 09:42:32', NULL),
(23, 'czxc', 'sfsd', '', '', '0000-00-00 00:00:00', '0000-00-00 00:00:00', '0', '2016-01-27 10:37:27', NULL),
(24, 'gdfg', 'fdfdf', '', '', '2016-01-21 00:00:00', '2016-01-14 00:00:00', '0', '2016-01-27 11:18:09', NULL);

-- --------------------------------------------------------

--
-- Table structure for table `fb_patients_feeds`
--

CREATE TABLE IF NOT EXISTS `fb_patients_feeds` (
  `id` int(11) NOT NULL AUTO_INCREMENT,
  `feed` varchar(255) NOT NULL,
  `questionnaire_id` int(11) NOT NULL,
  `patient_id` int(11) NOT NULL,
  `question_id` int(11) DEFAULT NULL,
  `is_deleted` enum('0','1') NOT NULL DEFAULT '0',
  `added_date` datetime NOT NULL,
  `updated_date` datetime DEFAULT NULL,
  PRIMARY KEY (`id`)
) ENGINE=InnoDB  DEFAULT CHARSET=latin1 AUTO_INCREMENT=1065 ;

--
-- Dumping data for table `fb_patients_feeds`
--

INSERT INTO `fb_patients_feeds` (`id`, `feed`, `questionnaire_id`, `patient_id`, `question_id`, `is_deleted`, `added_date`, `updated_date`) VALUES
(1, '1', 0, 9, 1, '0', '2016-01-21 11:43:10', NULL),
(2, '4', 0, 9, 2, '0', '2016-01-21 11:43:10', NULL),
(3, '4', 0, 9, 3, '0', '2016-01-21 11:43:10', NULL),
(4, '4', 0, 9, 4, '0', '2016-01-21 11:43:10', NULL),
(5, '4', 0, 9, 5, '0', '2016-01-21 11:43:10', NULL),
(6, '4', 0, 9, 6, '0', '2016-01-21 11:43:10', NULL),
(7, '4', 0, 9, 7, '0', '2016-01-21 11:43:10', NULL),
(8, '4', 0, 9, 8, '0', '2016-01-21 11:43:10', NULL),
(9, '4', 0, 9, 9, '0', '2016-01-21 11:43:10', NULL),
(10, '4', 0, 9, 10, '0', '2016-01-21 11:43:10', NULL),
(11, '4', 0, 9, 11, '0', '2016-01-21 11:43:10', NULL),
(12, '4', 0, 9, 12, '0', '2016-01-21 11:43:10', NULL),
(13, '4', 0, 9, 13, '0', '2016-01-21 11:43:10', NULL),
(14, '4', 0, 9, 14, '0', '2016-01-21 11:43:10', NULL),
(15, '4', 0, 9, 15, '0', '2016-01-21 11:43:11', NULL),
(16, '4', 0, 9, 16, '0', '2016-01-21 11:43:11', NULL),
(17, '4', 0, 9, 17, '0', '2016-01-21 11:43:11', NULL),
(18, '4', 0, 9, 18, '0', '2016-01-21 11:43:11', NULL),
(19, '4', 0, 9, 19, '0', '2016-01-21 11:43:11', NULL),
(20, '4', 0, 9, 20, '0', '2016-01-21 11:43:11', NULL),
(21, '4', 0, 9, 21, '0', '2016-01-21 11:43:11', NULL),
(22, '4', 0, 9, 22, '0', '2016-01-21 11:43:11', NULL),
(23, '4', 0, 9, 23, '0', '2016-01-21 11:43:11', NULL),
(24, '4', 0, 9, 24, '0', '2016-01-21 11:43:11', NULL),
(25, '4', 0, 9, 25, '0', '2016-01-21 11:43:11', NULL),
(26, '4', 0, 9, 26, '0', '2016-01-21 11:43:11', NULL),
(27, '4', 0, 9, 27, '0', '2016-01-21 11:43:11', NULL),
(28, '4', 0, 9, 28, '0', '2016-01-21 11:43:11', NULL),
(29, '4', 0, 9, 29, '0', '2016-01-21 11:43:11', NULL),
(30, '4', 0, 9, 30, '0', '2016-01-21 11:43:11', NULL),
(31, '0', 0, 9, 31, '0', '2016-01-21 11:43:11', NULL),
(32, '', 0, 9, 32, '0', '2016-01-21 11:43:11', NULL),
(33, '4', 0, 10, 1, '0', '2016-01-25 09:56:28', NULL),
(34, '4', 0, 10, 2, '0', '2016-01-25 09:56:28', NULL),
(35, '4', 0, 10, 3, '0', '2016-01-25 09:56:28', NULL),
(36, '4', 0, 10, 4, '0', '2016-01-25 09:56:28', NULL),
(37, '4', 0, 10, 5, '0', '2016-01-25 09:56:28', NULL),
(38, '4', 0, 10, 6, '0', '2016-01-25 09:56:28', NULL),
(39, '4', 0, 10, 7, '0', '2016-01-25 09:56:28', NULL),
(40, '4', 0, 10, 8, '0', '2016-01-25 09:56:28', NULL),
(41, '4', 0, 10, 9, '0', '2016-01-25 09:56:28', NULL),
(42, '4', 0, 10, 10, '0', '2016-01-25 09:56:28', NULL),
(43, '4', 0, 10, 11, '0', '2016-01-25 09:56:28', NULL),
(44, '4', 0, 10, 12, '0', '2016-01-25 09:56:28', NULL),
(45, '4', 0, 10, 13, '0', '2016-01-25 09:56:28', NULL),
(46, '4', 0, 10, 14, '0', '2016-01-25 09:56:28', NULL),
(47, '4', 0, 10, 15, '0', '2016-01-25 09:56:28', NULL),
(48, '4', 0, 10, 16, '0', '2016-01-25 09:56:28', NULL),
(49, '4', 0, 10, 17, '0', '2016-01-25 09:56:28', NULL),
(50, '4', 0, 10, 18, '0', '2016-01-25 09:56:28', NULL),
(51, '4', 0, 10, 19, '0', '2016-01-25 09:56:28', NULL),
(52, '4', 0, 10, 20, '0', '2016-01-25 09:56:28', NULL),
(53, '4', 0, 10, 21, '0', '2016-01-25 09:56:28', NULL),
(54, '4', 0, 10, 22, '0', '2016-01-25 09:56:28', NULL),
(55, '4', 0, 10, 23, '0', '2016-01-25 09:56:29', NULL),
(56, '4', 0, 10, 24, '0', '2016-01-25 09:56:29', NULL),
(57, '4', 0, 10, 25, '0', '2016-01-25 09:56:29', NULL),
(58, '4', 0, 10, 26, '0', '2016-01-25 09:56:29', NULL),
(59, '4', 0, 10, 27, '0', '2016-01-25 09:56:29', NULL),
(60, '4', 0, 10, 28, '0', '2016-01-25 09:56:29', NULL),
(61, '4', 0, 10, 29, '0', '2016-01-25 09:56:29', NULL),
(62, '4', 0, 10, 30, '0', '2016-01-25 09:56:29', NULL),
(63, '0', 0, 10, 31, '0', '2016-01-25 09:56:29', NULL),
(64, '', 0, 10, 32, '0', '2016-01-25 09:56:29', NULL),
(65, '', 0, 10, 34, '0', '2016-01-25 09:56:29', NULL),
(66, '4', 0, 11, 1, '0', '2016-01-25 16:01:25', NULL),
(67, '4', 0, 11, 2, '0', '2016-01-25 16:01:25', NULL),
(68, '4', 0, 11, 3, '0', '2016-01-25 16:01:25', NULL),
(69, '4', 0, 11, 4, '0', '2016-01-25 16:01:25', NULL),
(70, '4', 0, 11, 5, '0', '2016-01-25 16:01:25', NULL),
(71, '4', 0, 11, 6, '0', '2016-01-25 16:01:25', NULL),
(72, '4', 0, 11, 7, '0', '2016-01-25 16:01:25', NULL),
(73, '4', 0, 11, 8, '0', '2016-01-25 16:01:25', NULL),
(74, '4', 0, 11, 9, '0', '2016-01-25 16:01:25', NULL),
(75, '4', 0, 11, 10, '0', '2016-01-25 16:01:25', NULL),
(76, '4', 0, 11, 11, '0', '2016-01-25 16:01:25', NULL),
(77, '4', 0, 11, 12, '0', '2016-01-25 16:01:25', NULL),
(78, '4', 0, 11, 13, '0', '2016-01-25 16:01:25', NULL),
(79, '4', 0, 11, 1, '0', '2016-01-25 16:01:25', NULL),
(80, '4', 0, 11, 14, '0', '2016-01-25 16:01:25', NULL),
(81, '4', 0, 11, 2, '0', '2016-01-25 16:01:25', NULL),
(82, '4', 0, 11, 15, '0', '2016-01-25 16:01:25', NULL),
(83, '4', 0, 11, 3, '0', '2016-01-25 16:01:25', NULL),
(84, '4', 0, 11, 16, '0', '2016-01-25 16:01:25', NULL),
(85, '4', 0, 11, 4, '0', '2016-01-25 16:01:25', NULL),
(86, '4', 0, 11, 17, '0', '2016-01-25 16:01:25', NULL),
(87, '4', 0, 11, 5, '0', '2016-01-25 16:01:25', NULL),
(88, '4', 0, 11, 18, '0', '2016-01-25 16:01:25', NULL),
(89, '4', 0, 11, 6, '0', '2016-01-25 16:01:25', NULL),
(90, '4', 0, 11, 19, '0', '2016-01-25 16:01:25', NULL),
(91, '4', 0, 11, 7, '0', '2016-01-25 16:01:26', NULL),
(92, '4', 0, 11, 20, '0', '2016-01-25 16:01:26', NULL),
(93, '4', 0, 11, 8, '0', '2016-01-25 16:01:26', NULL),
(94, '4', 0, 11, 21, '0', '2016-01-25 16:01:26', NULL),
(95, '4', 0, 11, 9, '0', '2016-01-25 16:01:26', NULL),
(96, '4', 0, 11, 22, '0', '2016-01-25 16:01:26', NULL),
(97, '4', 0, 11, 10, '0', '2016-01-25 16:01:26', NULL),
(98, '4', 0, 11, 23, '0', '2016-01-25 16:01:26', NULL),
(99, '4', 0, 11, 11, '0', '2016-01-25 16:01:26', NULL),
(100, '4', 0, 11, 24, '0', '2016-01-25 16:01:26', NULL),
(101, '4', 0, 11, 12, '0', '2016-01-25 16:01:26', NULL),
(102, '4', 0, 11, 25, '0', '2016-01-25 16:01:26', NULL),
(103, '4', 0, 11, 13, '0', '2016-01-25 16:01:26', NULL),
(104, '4', 0, 11, 26, '0', '2016-01-25 16:01:26', NULL),
(105, '4', 0, 11, 14, '0', '2016-01-25 16:01:26', NULL),
(106, '4', 0, 11, 27, '0', '2016-01-25 16:01:26', NULL),
(107, '4', 0, 11, 15, '0', '2016-01-25 16:01:26', NULL),
(108, '4', 0, 11, 28, '0', '2016-01-25 16:01:26', NULL),
(109, '4', 0, 11, 1, '0', '2016-01-25 16:01:26', NULL),
(110, '4', 0, 11, 16, '0', '2016-01-25 16:01:26', NULL),
(111, '4', 0, 11, 2, '0', '2016-01-25 16:01:26', NULL),
(112, '4', 0, 11, 29, '0', '2016-01-25 16:01:26', NULL),
(113, '4', 0, 11, 17, '0', '2016-01-25 16:01:26', NULL),
(114, '4', 0, 11, 30, '0', '2016-01-25 16:01:26', NULL),
(115, '4', 0, 11, 3, '0', '2016-01-25 16:01:26', NULL),
(116, '4', 0, 11, 18, '0', '2016-01-25 16:01:26', NULL),
(117, '0', 0, 11, 31, '0', '2016-01-25 16:01:26', NULL),
(118, '4', 0, 11, 4, '0', '2016-01-25 16:01:26', NULL),
(119, '4', 0, 11, 19, '0', '2016-01-25 16:01:26', NULL),
(120, '', 0, 11, 32, '0', '2016-01-25 16:01:26', NULL),
(121, '4', 0, 11, 5, '0', '2016-01-25 16:01:26', NULL),
(122, '4', 0, 11, 20, '0', '2016-01-25 16:01:26', NULL),
(123, '', 0, 11, 34, '0', '2016-01-25 16:01:26', NULL),
(124, '4', 0, 11, 6, '0', '2016-01-25 16:01:26', NULL),
(125, '4', 0, 11, 21, '0', '2016-01-25 16:01:26', NULL),
(126, '4', 0, 11, 7, '0', '2016-01-25 16:01:26', NULL),
(127, '4', 0, 11, 22, '0', '2016-01-25 16:01:27', NULL),
(128, '4', 0, 11, 8, '0', '2016-01-25 16:01:27', NULL),
(129, '4', 0, 11, 23, '0', '2016-01-25 16:01:27', NULL),
(130, '4', 0, 11, 9, '0', '2016-01-25 16:01:27', NULL),
(131, '4', 0, 11, 24, '0', '2016-01-25 16:01:27', NULL),
(132, '4', 0, 11, 10, '0', '2016-01-25 16:01:27', NULL),
(133, '4', 0, 11, 25, '0', '2016-01-25 16:01:27', NULL),
(134, '4', 0, 11, 11, '0', '2016-01-25 16:01:27', NULL),
(135, '4', 0, 11, 26, '0', '2016-01-25 16:01:27', NULL),
(136, '4', 0, 11, 12, '0', '2016-01-25 16:01:27', NULL),
(137, '4', 0, 11, 27, '0', '2016-01-25 16:01:27', NULL),
(138, '4', 0, 11, 13, '0', '2016-01-25 16:01:27', NULL),
(139, '4', 0, 11, 28, '0', '2016-01-25 16:01:27', NULL),
(140, '4', 0, 11, 14, '0', '2016-01-25 16:01:27', NULL),
(141, '4', 0, 11, 29, '0', '2016-01-25 16:01:27', NULL),
(142, '4', 0, 11, 15, '0', '2016-01-25 16:01:27', NULL),
(143, '4', 0, 11, 30, '0', '2016-01-25 16:01:27', NULL),
(144, '4', 0, 11, 16, '0', '2016-01-25 16:01:27', NULL),
(145, '0', 0, 11, 31, '0', '2016-01-25 16:01:27', NULL),
(146, '4', 0, 11, 17, '0', '2016-01-25 16:01:27', NULL),
(147, '', 0, 11, 32, '0', '2016-01-25 16:01:27', NULL),
(148, '4', 0, 11, 18, '0', '2016-01-25 16:01:27', NULL),
(149, '', 0, 11, 34, '0', '2016-01-25 16:01:27', NULL),
(150, '4', 0, 11, 19, '0', '2016-01-25 16:01:27', NULL),
(151, '4', 0, 11, 20, '0', '2016-01-25 16:01:27', NULL),
(152, '4', 0, 11, 21, '0', '2016-01-25 16:01:27', NULL),
(153, '4', 0, 11, 22, '0', '2016-01-25 16:01:28', NULL),
(154, '4', 0, 11, 23, '0', '2016-01-25 16:01:28', NULL),
(155, '4', 0, 11, 24, '0', '2016-01-25 16:01:28', NULL),
(156, '4', 0, 11, 25, '0', '2016-01-25 16:01:28', NULL),
(157, '4', 0, 11, 26, '0', '2016-01-25 16:01:28', NULL),
(158, '4', 0, 11, 27, '0', '2016-01-25 16:01:28', NULL),
(159, '4', 0, 11, 28, '0', '2016-01-25 16:01:28', NULL),
(160, '4', 0, 11, 29, '0', '2016-01-25 16:01:28', NULL),
(161, '4', 0, 11, 30, '0', '2016-01-25 16:01:28', NULL),
(162, '0', 0, 11, 31, '0', '2016-01-25 16:01:28', NULL),
(163, '', 0, 11, 32, '0', '2016-01-25 16:01:28', NULL),
(164, '', 0, 11, 34, '0', '2016-01-25 16:01:28', NULL),
(165, '4', 0, 12, 1, '0', '2016-01-25 16:06:55', NULL),
(166, '4', 0, 12, 2, '0', '2016-01-25 16:06:55', NULL),
(167, '4', 0, 12, 3, '0', '2016-01-25 16:06:55', NULL),
(168, '4', 0, 12, 4, '0', '2016-01-25 16:06:55', NULL),
(169, '4', 0, 12, 5, '0', '2016-01-25 16:06:55', NULL),
(170, '4', 0, 12, 6, '0', '2016-01-25 16:06:55', NULL),
(171, '4', 0, 12, 7, '0', '2016-01-25 16:06:55', NULL),
(172, '4', 0, 12, 8, '0', '2016-01-25 16:06:56', NULL),
(173, '4', 0, 12, 9, '0', '2016-01-25 16:06:56', NULL),
(174, '4', 0, 12, 10, '0', '2016-01-25 16:06:56', NULL),
(175, '4', 0, 12, 11, '0', '2016-01-25 16:06:56', NULL),
(176, '4', 0, 12, 12, '0', '2016-01-25 16:06:56', NULL),
(177, '4', 0, 12, 13, '0', '2016-01-25 16:06:56', NULL),
(178, '4', 0, 12, 14, '0', '2016-01-25 16:06:56', NULL),
(179, '4', 0, 12, 15, '0', '2016-01-25 16:06:56', NULL),
(180, '4', 0, 12, 16, '0', '2016-01-25 16:06:56', NULL),
(181, '4', 0, 12, 17, '0', '2016-01-25 16:06:56', NULL),
(182, '4', 0, 12, 18, '0', '2016-01-25 16:06:56', NULL),
(183, '4', 0, 12, 19, '0', '2016-01-25 16:06:56', NULL),
(184, '4', 0, 12, 20, '0', '2016-01-25 16:06:56', NULL),
(185, '4', 0, 12, 21, '0', '2016-01-25 16:06:56', NULL),
(186, '4', 0, 12, 22, '0', '2016-01-25 16:06:56', NULL),
(187, '4', 0, 12, 23, '0', '2016-01-25 16:06:56', NULL),
(188, '4', 0, 12, 24, '0', '2016-01-25 16:06:56', NULL),
(189, '4', 0, 12, 25, '0', '2016-01-25 16:06:56', NULL),
(190, '4', 0, 12, 26, '0', '2016-01-25 16:06:56', NULL),
(191, '4', 0, 12, 27, '0', '2016-01-25 16:06:56', NULL),
(192, '4', 0, 12, 28, '0', '2016-01-25 16:06:56', NULL),
(193, '4', 0, 12, 29, '0', '2016-01-25 16:06:56', NULL),
(194, '4', 0, 12, 30, '0', '2016-01-25 16:06:56', NULL),
(195, '0', 0, 12, 31, '0', '2016-01-25 16:06:56', NULL),
(196, '', 0, 12, 32, '0', '2016-01-25 16:06:56', NULL),
(197, '', 0, 12, 34, '0', '2016-01-25 16:06:56', NULL),
(198, '4', 0, 13, 1, '0', '2016-01-25 16:07:39', NULL),
(199, '4', 0, 13, 2, '0', '2016-01-25 16:07:39', NULL),
(200, '4', 0, 13, 3, '0', '2016-01-25 16:07:39', NULL),
(201, '4', 0, 13, 4, '0', '2016-01-25 16:07:39', NULL),
(202, '4', 0, 13, 5, '0', '2016-01-25 16:07:39', NULL),
(203, '4', 0, 13, 6, '0', '2016-01-25 16:07:39', NULL),
(204, '4', 0, 13, 7, '0', '2016-01-25 16:07:39', NULL),
(205, '4', 0, 13, 8, '0', '2016-01-25 16:07:39', NULL),
(206, '4', 0, 13, 9, '0', '2016-01-25 16:07:39', NULL),
(207, '4', 0, 13, 10, '0', '2016-01-25 16:07:39', NULL),
(208, '4', 0, 13, 11, '0', '2016-01-25 16:07:39', NULL),
(209, '4', 0, 13, 12, '0', '2016-01-25 16:07:39', NULL),
(210, '4', 0, 13, 13, '0', '2016-01-25 16:07:39', NULL),
(211, '4', 0, 13, 14, '0', '2016-01-25 16:07:39', NULL),
(212, '4', 0, 13, 15, '0', '2016-01-25 16:07:39', NULL),
(213, '4', 0, 13, 16, '0', '2016-01-25 16:07:39', NULL),
(214, '4', 0, 13, 17, '0', '2016-01-25 16:07:39', NULL),
(215, '4', 0, 13, 18, '0', '2016-01-25 16:07:39', NULL),
(216, '4', 0, 13, 19, '0', '2016-01-25 16:07:39', NULL),
(217, '4', 0, 13, 20, '0', '2016-01-25 16:07:39', NULL),
(218, '4', 0, 13, 21, '0', '2016-01-25 16:07:39', NULL),
(219, '4', 0, 13, 22, '0', '2016-01-25 16:07:39', NULL),
(220, '4', 0, 13, 23, '0', '2016-01-25 16:07:39', NULL),
(221, '4', 0, 13, 24, '0', '2016-01-25 16:07:40', NULL),
(222, '4', 0, 13, 25, '0', '2016-01-25 16:07:40', NULL),
(223, '4', 0, 13, 26, '0', '2016-01-25 16:07:40', NULL),
(224, '4', 0, 13, 27, '0', '2016-01-25 16:07:40', NULL),
(225, '4', 0, 13, 1, '0', '2016-01-25 16:07:40', NULL),
(226, '4', 0, 13, 28, '0', '2016-01-25 16:07:40', NULL),
(227, '4', 0, 13, 2, '0', '2016-01-25 16:07:40', NULL),
(228, '4', 0, 13, 29, '0', '2016-01-25 16:07:40', NULL),
(229, '4', 0, 13, 3, '0', '2016-01-25 16:07:40', NULL),
(230, '4', 0, 13, 30, '0', '2016-01-25 16:07:40', NULL),
(231, '4', 0, 13, 4, '0', '2016-01-25 16:07:40', NULL),
(232, '0', 0, 13, 31, '0', '2016-01-25 16:07:40', NULL),
(233, '4', 0, 13, 5, '0', '2016-01-25 16:07:40', NULL),
(234, '', 0, 13, 32, '0', '2016-01-25 16:07:40', NULL),
(235, '4', 0, 13, 6, '0', '2016-01-25 16:07:40', NULL),
(236, '', 0, 13, 34, '0', '2016-01-25 16:07:40', NULL),
(237, '4', 0, 13, 7, '0', '2016-01-25 16:07:40', NULL),
(238, '4', 0, 13, 8, '0', '2016-01-25 16:07:40', NULL),
(239, '4', 0, 13, 9, '0', '2016-01-25 16:07:40', NULL),
(240, '4', 0, 13, 10, '0', '2016-01-25 16:07:40', NULL),
(241, '4', 0, 13, 11, '0', '2016-01-25 16:07:40', NULL),
(242, '4', 0, 13, 12, '0', '2016-01-25 16:07:40', NULL),
(243, '4', 0, 13, 13, '0', '2016-01-25 16:07:40', NULL),
(244, '4', 0, 13, 14, '0', '2016-01-25 16:07:40', NULL),
(245, '4', 0, 13, 15, '0', '2016-01-25 16:07:40', NULL),
(246, '4', 0, 13, 16, '0', '2016-01-25 16:07:41', NULL),
(247, '4', 0, 13, 17, '0', '2016-01-25 16:07:41', NULL),
(248, '4', 0, 13, 18, '0', '2016-01-25 16:07:41', NULL),
(249, '4', 0, 13, 19, '0', '2016-01-25 16:07:41', NULL),
(250, '4', 0, 13, 20, '0', '2016-01-25 16:07:41', NULL),
(251, '4', 0, 13, 21, '0', '2016-01-25 16:07:41', NULL),
(252, '4', 0, 13, 22, '0', '2016-01-25 16:07:41', NULL),
(253, '4', 0, 13, 23, '0', '2016-01-25 16:07:41', NULL),
(254, '4', 0, 13, 24, '0', '2016-01-25 16:07:41', NULL),
(255, '4', 0, 13, 25, '0', '2016-01-25 16:07:41', NULL),
(256, '4', 0, 13, 26, '0', '2016-01-25 16:07:41', NULL),
(257, '4', 0, 13, 27, '0', '2016-01-25 16:07:41', NULL),
(258, '4', 0, 13, 28, '0', '2016-01-25 16:07:41', NULL),
(259, '4', 0, 13, 29, '0', '2016-01-25 16:07:41', NULL),
(260, '4', 0, 13, 30, '0', '2016-01-25 16:07:41', NULL),
(261, '0', 0, 13, 31, '0', '2016-01-25 16:07:41', NULL),
(262, '', 0, 13, 32, '0', '2016-01-25 16:07:41', NULL),
(263, '', 0, 13, 34, '0', '2016-01-25 16:07:41', NULL),
(264, '0', 0, 14, 1, '0', '2016-01-26 05:43:19', NULL),
(265, '4', 0, 14, 2, '0', '2016-01-26 05:43:19', NULL),
(266, '4', 0, 14, 3, '0', '2016-01-26 05:43:19', NULL),
(267, '4', 0, 14, 4, '0', '2016-01-26 05:43:19', NULL),
(268, '4', 0, 14, 5, '0', '2016-01-26 05:43:19', NULL),
(269, '4', 0, 14, 6, '0', '2016-01-26 05:43:19', NULL),
(270, '4', 0, 14, 7, '0', '2016-01-26 05:43:19', NULL),
(271, '4', 0, 14, 8, '0', '2016-01-26 05:43:19', NULL),
(272, '4', 0, 14, 9, '0', '2016-01-26 05:43:19', NULL),
(273, '4', 0, 14, 10, '0', '2016-01-26 05:43:19', NULL),
(274, '4', 0, 14, 11, '0', '2016-01-26 05:43:19', NULL),
(275, '4', 0, 14, 12, '0', '2016-01-26 05:43:19', NULL),
(276, '4', 0, 14, 13, '0', '2016-01-26 05:43:19', NULL),
(277, '4', 0, 14, 14, '0', '2016-01-26 05:43:19', NULL),
(278, '4', 0, 14, 15, '0', '2016-01-26 05:43:19', NULL),
(279, '4', 0, 14, 16, '0', '2016-01-26 05:43:19', NULL),
(280, '4', 0, 14, 17, '0', '2016-01-26 05:43:19', NULL),
(281, '4', 0, 14, 18, '0', '2016-01-26 05:43:19', NULL),
(282, '4', 0, 14, 19, '0', '2016-01-26 05:43:19', NULL),
(283, '4', 0, 14, 20, '0', '2016-01-26 05:43:19', NULL),
(284, '4', 0, 14, 21, '0', '2016-01-26 05:43:19', NULL),
(285, '4', 0, 14, 22, '0', '2016-01-26 05:43:19', NULL),
(286, '4', 0, 14, 23, '0', '2016-01-26 05:43:19', NULL),
(287, '4', 0, 14, 24, '0', '2016-01-26 05:43:19', NULL),
(288, '4', 0, 14, 25, '0', '2016-01-26 05:43:19', NULL),
(289, '4', 0, 14, 26, '0', '2016-01-26 05:43:19', NULL),
(290, '4', 0, 14, 27, '0', '2016-01-26 05:43:19', NULL),
(291, '0', 0, 14, 1, '0', '2016-01-26 05:43:19', NULL),
(292, '4', 0, 14, 28, '0', '2016-01-26 05:43:19', NULL),
(293, '4', 0, 14, 2, '0', '2016-01-26 05:43:19', NULL),
(294, '4', 0, 14, 29, '0', '2016-01-26 05:43:20', NULL),
(295, '4', 0, 14, 3, '0', '2016-01-26 05:43:20', NULL),
(296, '4', 0, 14, 30, '0', '2016-01-26 05:43:20', NULL),
(297, '4', 0, 14, 4, '0', '2016-01-26 05:43:20', NULL),
(298, '0', 0, 14, 31, '0', '2016-01-26 05:43:20', NULL),
(299, '4', 0, 14, 5, '0', '2016-01-26 05:43:20', NULL),
(300, '', 0, 14, 32, '0', '2016-01-26 05:43:20', NULL),
(301, '4', 0, 14, 6, '0', '2016-01-26 05:43:20', NULL),
(302, '', 0, 14, 34, '0', '2016-01-26 05:43:20', NULL),
(303, '4', 0, 14, 7, '0', '2016-01-26 05:43:20', NULL),
(304, '4', 0, 14, 8, '0', '2016-01-26 05:43:20', NULL),
(305, '4', 0, 14, 9, '0', '2016-01-26 05:43:20', NULL),
(306, '4', 0, 14, 10, '0', '2016-01-26 05:43:20', NULL),
(307, '4', 0, 14, 11, '0', '2016-01-26 05:43:20', NULL),
(308, '4', 0, 14, 12, '0', '2016-01-26 05:43:20', NULL),
(309, '4', 0, 14, 13, '0', '2016-01-26 05:43:20', NULL),
(310, '4', 0, 14, 14, '0', '2016-01-26 05:43:20', NULL),
(311, '4', 0, 14, 15, '0', '2016-01-26 05:43:20', NULL),
(312, '4', 0, 14, 16, '0', '2016-01-26 05:43:20', NULL),
(313, '4', 0, 14, 17, '0', '2016-01-26 05:43:20', NULL),
(314, '4', 0, 14, 18, '0', '2016-01-26 05:43:20', NULL),
(315, '4', 0, 14, 19, '0', '2016-01-26 05:43:20', NULL),
(316, '4', 0, 14, 20, '0', '2016-01-26 05:43:20', NULL),
(317, '4', 0, 14, 21, '0', '2016-01-26 05:43:20', NULL),
(318, '4', 0, 14, 22, '0', '2016-01-26 05:43:20', NULL),
(319, '4', 0, 14, 23, '0', '2016-01-26 05:43:20', NULL),
(320, '4', 0, 14, 24, '0', '2016-01-26 05:43:20', NULL),
(321, '4', 0, 14, 25, '0', '2016-01-26 05:43:20', NULL),
(322, '4', 0, 14, 26, '0', '2016-01-26 05:43:20', NULL),
(323, '4', 0, 14, 27, '0', '2016-01-26 05:43:20', NULL),
(324, '4', 0, 14, 28, '0', '2016-01-26 05:43:20', NULL),
(325, '4', 0, 14, 29, '0', '2016-01-26 05:43:20', NULL),
(326, '4', 0, 14, 30, '0', '2016-01-26 05:43:20', NULL),
(327, '0', 0, 14, 31, '0', '2016-01-26 05:43:20', NULL),
(328, '', 0, 14, 32, '0', '2016-01-26 05:43:20', NULL),
(329, '', 0, 14, 34, '0', '2016-01-26 05:43:20', NULL),
(330, '4', 0, 15, 1, '0', '2016-01-26 06:08:38', NULL),
(331, '4', 0, 15, 2, '0', '2016-01-26 06:08:38', NULL),
(332, '4', 0, 15, 3, '0', '2016-01-26 06:08:38', NULL),
(333, '4', 0, 15, 4, '0', '2016-01-26 06:08:38', NULL),
(334, '4', 0, 15, 5, '0', '2016-01-26 06:08:38', NULL),
(335, '4', 0, 15, 6, '0', '2016-01-26 06:08:38', NULL),
(336, '4', 0, 15, 7, '0', '2016-01-26 06:08:38', NULL),
(337, '4', 0, 15, 8, '0', '2016-01-26 06:08:38', NULL),
(338, '4', 0, 15, 9, '0', '2016-01-26 06:08:38', NULL),
(339, '4', 0, 15, 10, '0', '2016-01-26 06:08:38', NULL),
(340, '4', 0, 15, 11, '0', '2016-01-26 06:08:38', NULL),
(341, '4', 0, 15, 12, '0', '2016-01-26 06:08:38', NULL),
(342, '4', 0, 15, 13, '0', '2016-01-26 06:08:38', NULL),
(343, '4', 0, 15, 14, '0', '2016-01-26 06:08:38', NULL),
(344, '4', 0, 15, 15, '0', '2016-01-26 06:08:38', NULL),
(345, '4', 0, 15, 16, '0', '2016-01-26 06:08:38', NULL),
(346, '4', 0, 15, 17, '0', '2016-01-26 06:08:38', NULL),
(347, '4', 0, 15, 18, '0', '2016-01-26 06:08:38', NULL),
(348, '4', 0, 15, 19, '0', '2016-01-26 06:08:38', NULL),
(349, '4', 0, 15, 20, '0', '2016-01-26 06:08:38', NULL),
(350, '4', 0, 15, 21, '0', '2016-01-26 06:08:38', NULL),
(351, '4', 0, 15, 22, '0', '2016-01-26 06:08:38', NULL),
(352, '4', 0, 15, 23, '0', '2016-01-26 06:08:39', NULL),
(353, '4', 0, 15, 24, '0', '2016-01-26 06:08:39', NULL),
(354, '4', 0, 15, 25, '0', '2016-01-26 06:08:39', NULL),
(355, '4', 0, 15, 26, '0', '2016-01-26 06:08:39', NULL),
(356, '4', 0, 15, 27, '0', '2016-01-26 06:08:39', NULL),
(357, '4', 0, 15, 28, '0', '2016-01-26 06:08:39', NULL),
(358, '4', 0, 15, 29, '0', '2016-01-26 06:08:39', NULL),
(359, '4', 0, 15, 30, '0', '2016-01-26 06:08:39', NULL),
(360, '0', 0, 15, 31, '0', '2016-01-26 06:08:39', NULL),
(361, '', 0, 15, 32, '0', '2016-01-26 06:08:39', NULL),
(362, '', 0, 15, 34, '0', '2016-01-26 06:08:39', NULL),
(363, '4', 0, 16, 1, '0', '2016-01-26 09:33:01', NULL),
(364, '4', 0, 16, 2, '0', '2016-01-26 09:33:01', NULL),
(365, '4', 0, 16, 3, '0', '2016-01-26 09:33:01', NULL),
(366, '4', 0, 16, 4, '0', '2016-01-26 09:33:02', NULL),
(367, '4', 0, 16, 5, '0', '2016-01-26 09:33:02', NULL),
(368, '4', 0, 16, 6, '0', '2016-01-26 09:33:02', NULL),
(369, '4', 0, 16, 7, '0', '2016-01-26 09:33:02', NULL),
(370, '4', 0, 16, 8, '0', '2016-01-26 09:33:02', NULL),
(371, '4', 0, 16, 9, '0', '2016-01-26 09:33:02', NULL),
(372, '4', 0, 16, 10, '0', '2016-01-26 09:33:02', NULL),
(373, '4', 0, 16, 11, '0', '2016-01-26 09:33:02', NULL),
(374, '4', 0, 16, 12, '0', '2016-01-26 09:33:02', NULL),
(375, '4', 0, 16, 13, '0', '2016-01-26 09:33:02', NULL),
(376, '4', 0, 16, 14, '0', '2016-01-26 09:33:02', NULL),
(377, '4', 0, 16, 15, '0', '2016-01-26 09:33:02', NULL),
(378, '4', 0, 16, 16, '0', '2016-01-26 09:33:02', NULL),
(379, '4', 0, 16, 17, '0', '2016-01-26 09:33:02', NULL),
(380, '4', 0, 16, 18, '0', '2016-01-26 09:33:02', NULL),
(381, '4', 0, 16, 19, '0', '2016-01-26 09:33:02', NULL),
(382, '4', 0, 16, 20, '0', '2016-01-26 09:33:02', NULL),
(383, '4', 0, 16, 21, '0', '2016-01-26 09:33:02', NULL),
(384, '4', 0, 16, 22, '0', '2016-01-26 09:33:02', NULL),
(385, '4', 0, 16, 23, '0', '2016-01-26 09:33:02', NULL),
(386, '4', 0, 16, 24, '0', '2016-01-26 09:33:02', NULL),
(387, '4', 0, 16, 25, '0', '2016-01-26 09:33:02', NULL),
(388, '4', 0, 16, 26, '0', '2016-01-26 09:33:02', NULL),
(389, '4', 0, 16, 27, '0', '2016-01-26 09:33:02', NULL),
(390, '4', 0, 16, 28, '0', '2016-01-26 09:33:02', NULL),
(391, '4', 0, 16, 29, '0', '2016-01-26 09:33:02', NULL),
(392, '4', 0, 16, 30, '0', '2016-01-26 09:33:02', NULL),
(393, '0', 0, 16, 31, '0', '2016-01-26 09:33:02', NULL),
(394, '', 0, 16, 32, '0', '2016-01-26 09:33:02', NULL),
(395, '4', 0, 16, 1, '0', '2016-01-26 09:33:02', NULL),
(396, '4', 0, 16, 2, '0', '2016-01-26 09:33:02', NULL),
(397, '4', 0, 16, 3, '0', '2016-01-26 09:33:02', NULL),
(398, '4', 0, 16, 4, '0', '2016-01-26 09:33:03', NULL),
(399, '4', 0, 16, 5, '0', '2016-01-26 09:33:03', NULL),
(400, '4', 0, 16, 6, '0', '2016-01-26 09:33:03', NULL),
(401, '4', 0, 16, 7, '0', '2016-01-26 09:33:03', NULL),
(402, '4', 0, 16, 8, '0', '2016-01-26 09:33:03', NULL),
(403, '4', 0, 16, 9, '0', '2016-01-26 09:33:03', NULL),
(404, '4', 0, 16, 10, '0', '2016-01-26 09:33:03', NULL),
(405, '4', 0, 16, 11, '0', '2016-01-26 09:33:03', NULL),
(406, '4', 0, 16, 12, '0', '2016-01-26 09:33:03', NULL),
(407, '4', 0, 16, 13, '0', '2016-01-26 09:33:03', NULL),
(408, '4', 0, 16, 14, '0', '2016-01-26 09:33:03', NULL),
(409, '4', 0, 16, 15, '0', '2016-01-26 09:33:03', NULL),
(410, '4', 0, 16, 16, '0', '2016-01-26 09:33:03', NULL),
(411, '4', 0, 16, 17, '0', '2016-01-26 09:33:03', NULL),
(412, '4', 0, 16, 18, '0', '2016-01-26 09:33:03', NULL),
(413, '4', 0, 16, 19, '0', '2016-01-26 09:33:03', NULL),
(414, '4', 0, 16, 20, '0', '2016-01-26 09:33:03', NULL),
(415, '4', 0, 16, 21, '0', '2016-01-26 09:33:03', NULL),
(416, '4', 0, 16, 22, '0', '2016-01-26 09:33:03', NULL),
(417, '4', 0, 16, 23, '0', '2016-01-26 09:33:03', NULL),
(418, '4', 0, 16, 24, '0', '2016-01-26 09:33:03', NULL),
(419, '4', 0, 16, 25, '0', '2016-01-26 09:33:03', NULL),
(420, '4', 0, 16, 26, '0', '2016-01-26 09:33:03', NULL),
(421, '4', 0, 16, 27, '0', '2016-01-26 09:33:03', NULL),
(422, '4', 0, 16, 28, '0', '2016-01-26 09:33:03', NULL),
(423, '4', 0, 16, 29, '0', '2016-01-26 09:33:03', NULL),
(424, '4', 0, 16, 30, '0', '2016-01-26 09:33:03', NULL),
(425, '0', 0, 16, 31, '0', '2016-01-26 09:33:03', NULL),
(426, '', 0, 16, 32, '0', '2016-01-26 09:33:03', NULL),
(427, '4', 0, 17, 1, '0', '2016-01-26 11:08:28', NULL),
(428, '4', 0, 17, 2, '0', '2016-01-26 11:08:28', NULL),
(429, '4', 0, 17, 3, '0', '2016-01-26 11:08:28', NULL),
(430, '4', 0, 17, 4, '0', '2016-01-26 11:08:28', NULL),
(431, '4', 0, 17, 5, '0', '2016-01-26 11:08:28', NULL),
(432, '4', 0, 17, 6, '0', '2016-01-26 11:08:28', NULL),
(433, '4', 0, 17, 7, '0', '2016-01-26 11:08:28', NULL),
(434, '4', 0, 17, 8, '0', '2016-01-26 11:08:28', NULL),
(435, '4', 0, 17, 9, '0', '2016-01-26 11:08:28', NULL),
(436, '4', 0, 17, 10, '0', '2016-01-26 11:08:28', NULL),
(437, '4', 0, 17, 11, '0', '2016-01-26 11:08:29', NULL),
(438, '4', 0, 17, 12, '0', '2016-01-26 11:08:29', NULL),
(439, '4', 0, 17, 13, '0', '2016-01-26 11:08:29', NULL),
(440, '4', 0, 17, 14, '0', '2016-01-26 11:08:29', NULL),
(441, '4', 0, 17, 15, '0', '2016-01-26 11:08:29', NULL),
(442, '4', 0, 17, 16, '0', '2016-01-26 11:08:29', NULL),
(443, '4', 0, 17, 17, '0', '2016-01-26 11:08:29', NULL),
(444, '4', 0, 17, 18, '0', '2016-01-26 11:08:29', NULL),
(445, '4', 0, 17, 19, '0', '2016-01-26 11:08:29', NULL),
(446, '4', 0, 17, 20, '0', '2016-01-26 11:08:29', NULL),
(447, '4', 0, 17, 21, '0', '2016-01-26 11:08:29', NULL),
(448, '4', 0, 17, 22, '0', '2016-01-26 11:08:29', NULL),
(449, '4', 0, 17, 23, '0', '2016-01-26 11:08:29', NULL),
(450, '4', 0, 17, 24, '0', '2016-01-26 11:08:29', NULL),
(451, '4', 0, 17, 25, '0', '2016-01-26 11:08:29', NULL),
(452, '4', 0, 17, 26, '0', '2016-01-26 11:08:29', NULL),
(453, '4', 0, 17, 27, '0', '2016-01-26 11:08:29', NULL),
(454, '4', 0, 17, 28, '0', '2016-01-26 11:08:29', NULL),
(455, '4', 0, 17, 29, '0', '2016-01-26 11:08:29', NULL),
(456, '4', 0, 17, 30, '0', '2016-01-26 11:08:29', NULL),
(457, '0', 0, 17, 31, '0', '2016-01-26 11:08:29', NULL),
(458, '', 0, 17, 32, '0', '2016-01-26 11:08:29', NULL),
(459, '4', 0, 17, 1, '0', '2016-01-26 11:12:42', NULL),
(460, '4', 0, 17, 2, '0', '2016-01-26 11:12:42', NULL),
(461, '4', 0, 17, 3, '0', '2016-01-26 11:12:42', NULL),
(462, '4', 0, 17, 4, '0', '2016-01-26 11:12:42', NULL),
(463, '4', 0, 17, 5, '0', '2016-01-26 11:12:42', NULL),
(464, '4', 0, 17, 6, '0', '2016-01-26 11:12:42', NULL),
(465, '4', 0, 17, 7, '0', '2016-01-26 11:12:42', NULL),
(466, '4', 0, 17, 8, '0', '2016-01-26 11:12:42', NULL),
(467, '4', 0, 17, 9, '0', '2016-01-26 11:12:42', NULL),
(468, '4', 0, 17, 10, '0', '2016-01-26 11:12:42', NULL),
(469, '4', 0, 17, 11, '0', '2016-01-26 11:12:42', NULL),
(470, '4', 0, 17, 12, '0', '2016-01-26 11:12:42', NULL),
(471, '4', 0, 17, 13, '0', '2016-01-26 11:12:42', NULL),
(472, '4', 0, 17, 14, '0', '2016-01-26 11:12:42', NULL),
(473, '4', 0, 17, 15, '0', '2016-01-26 11:12:42', NULL),
(474, '4', 0, 17, 16, '0', '2016-01-26 11:12:42', NULL),
(475, '4', 0, 17, 17, '0', '2016-01-26 11:12:42', NULL),
(476, '4', 0, 17, 18, '0', '2016-01-26 11:12:42', NULL),
(477, '4', 0, 17, 19, '0', '2016-01-26 11:12:42', NULL),
(478, '4', 0, 17, 20, '0', '2016-01-26 11:12:42', NULL),
(479, '4', 0, 17, 21, '0', '2016-01-26 11:12:42', NULL),
(480, '4', 0, 17, 22, '0', '2016-01-26 11:12:42', NULL),
(481, '4', 0, 17, 23, '0', '2016-01-26 11:12:42', NULL),
(482, '4', 0, 17, 24, '0', '2016-01-26 11:12:42', NULL),
(483, '4', 0, 17, 25, '0', '2016-01-26 11:12:42', NULL),
(484, '4', 0, 17, 26, '0', '2016-01-26 11:12:42', NULL),
(485, '4', 0, 17, 27, '0', '2016-01-26 11:12:42', NULL),
(486, '4', 0, 17, 28, '0', '2016-01-26 11:12:42', NULL),
(487, '4', 0, 17, 29, '0', '2016-01-26 11:12:42', NULL),
(488, '4', 0, 17, 30, '0', '2016-01-26 11:12:42', NULL),
(489, '0', 0, 17, 31, '0', '2016-01-26 11:12:42', NULL),
(490, '', 0, 17, 32, '0', '2016-01-26 11:12:42', NULL),
(491, '4', 0, 18, 1, '0', '2016-01-26 11:32:40', NULL),
(492, '4', 0, 18, 2, '0', '2016-01-26 11:32:40', NULL),
(493, '4', 0, 18, 3, '0', '2016-01-26 11:32:41', NULL),
(494, '4', 0, 18, 4, '0', '2016-01-26 11:32:41', NULL),
(495, '4', 0, 18, 5, '0', '2016-01-26 11:32:41', NULL),
(496, '4', 0, 18, 6, '0', '2016-01-26 11:32:41', NULL),
(497, '4', 0, 18, 7, '0', '2016-01-26 11:32:41', NULL),
(498, '4', 0, 18, 8, '0', '2016-01-26 11:32:41', NULL),
(499, '4', 0, 18, 9, '0', '2016-01-26 11:32:41', NULL),
(500, '4', 0, 18, 10, '0', '2016-01-26 11:32:41', NULL),
(501, '4', 0, 18, 11, '0', '2016-01-26 11:32:41', NULL),
(502, '4', 0, 18, 12, '0', '2016-01-26 11:32:41', NULL),
(503, '4', 0, 18, 13, '0', '2016-01-26 11:32:41', NULL),
(504, '4', 0, 18, 14, '0', '2016-01-26 11:32:41', NULL),
(505, '4', 0, 18, 15, '0', '2016-01-26 11:32:41', NULL),
(506, '4', 0, 18, 16, '0', '2016-01-26 11:32:41', NULL),
(507, '4', 0, 18, 17, '0', '2016-01-26 11:32:41', NULL),
(508, '4', 0, 18, 18, '0', '2016-01-26 11:32:41', NULL),
(509, '4', 0, 18, 19, '0', '2016-01-26 11:32:41', NULL),
(510, '4', 0, 18, 20, '0', '2016-01-26 11:32:41', NULL),
(511, '4', 0, 18, 21, '0', '2016-01-26 11:32:41', NULL),
(512, '4', 0, 18, 22, '0', '2016-01-26 11:32:41', NULL),
(513, '4', 0, 18, 23, '0', '2016-01-26 11:32:41', NULL),
(514, '4', 0, 18, 24, '0', '2016-01-26 11:32:41', NULL),
(515, '4', 0, 18, 25, '0', '2016-01-26 11:32:41', NULL),
(516, '4', 0, 18, 26, '0', '2016-01-26 11:32:41', NULL),
(517, '4', 0, 18, 27, '0', '2016-01-26 11:32:41', NULL),
(518, '4', 0, 18, 28, '0', '2016-01-26 11:32:41', NULL),
(519, '4', 0, 18, 29, '0', '2016-01-26 11:32:41', NULL),
(520, '4', 0, 18, 30, '0', '2016-01-26 11:32:41', NULL),
(521, '4', 0, 18, 1, '0', '2016-01-26 11:35:18', NULL),
(522, '4', 0, 18, 2, '0', '2016-01-26 11:35:18', NULL),
(523, '4', 0, 18, 3, '0', '2016-01-26 11:35:18', NULL),
(524, '4', 0, 18, 4, '0', '2016-01-26 11:35:18', NULL),
(525, '4', 0, 18, 5, '0', '2016-01-26 11:35:18', NULL),
(526, '4', 0, 18, 6, '0', '2016-01-26 11:35:18', NULL),
(527, '4', 0, 18, 7, '0', '2016-01-26 11:35:18', NULL),
(528, '4', 0, 18, 8, '0', '2016-01-26 11:35:18', NULL),
(529, '4', 0, 18, 9, '0', '2016-01-26 11:35:18', NULL),
(530, '4', 0, 18, 10, '0', '2016-01-26 11:35:18', NULL),
(531, '4', 0, 18, 11, '0', '2016-01-26 11:35:18', NULL),
(532, '4', 0, 18, 12, '0', '2016-01-26 11:35:18', NULL),
(533, '4', 0, 18, 13, '0', '2016-01-26 11:35:18', NULL),
(534, '4', 0, 18, 14, '0', '2016-01-26 11:35:18', NULL),
(535, '4', 0, 18, 15, '0', '2016-01-26 11:35:18', NULL),
(536, '4', 0, 18, 16, '0', '2016-01-26 11:35:18', NULL),
(537, '4', 0, 18, 17, '0', '2016-01-26 11:35:18', NULL),
(538, '4', 0, 18, 18, '0', '2016-01-26 11:35:18', NULL),
(539, '4', 0, 18, 19, '0', '2016-01-26 11:35:18', NULL),
(540, '4', 0, 18, 20, '0', '2016-01-26 11:35:18', NULL),
(541, '4', 0, 18, 21, '0', '2016-01-26 11:35:18', NULL),
(542, '4', 0, 18, 22, '0', '2016-01-26 11:35:18', NULL),
(543, '4', 0, 18, 23, '0', '2016-01-26 11:35:18', NULL),
(544, '4', 0, 18, 24, '0', '2016-01-26 11:35:18', NULL),
(545, '4', 0, 18, 25, '0', '2016-01-26 11:35:18', NULL),
(546, '4', 0, 18, 26, '0', '2016-01-26 11:35:18', NULL),
(547, '4', 0, 18, 27, '0', '2016-01-26 11:35:18', NULL),
(548, '4', 0, 18, 28, '0', '2016-01-26 11:35:18', NULL),
(549, '4', 0, 18, 29, '0', '2016-01-26 11:35:18', NULL),
(550, '4', 0, 18, 30, '0', '2016-01-26 11:35:19', NULL),
(551, '0', 0, 18, 31, '0', '2016-01-26 11:35:19', NULL),
(552, '', 0, 18, 32, '0', '2016-01-26 11:35:19', NULL),
(553, '4', 0, 19, 1, '0', '2016-01-26 11:38:20', NULL),
(554, '4', 0, 19, 2, '0', '2016-01-26 11:38:21', NULL),
(555, '4', 0, 19, 3, '0', '2016-01-26 11:38:21', NULL),
(556, '4', 0, 19, 4, '0', '2016-01-26 11:38:21', NULL),
(557, '4', 0, 19, 5, '0', '2016-01-26 11:38:21', NULL),
(558, '4', 0, 19, 6, '0', '2016-01-26 11:38:21', NULL),
(559, '4', 0, 19, 7, '0', '2016-01-26 11:38:21', NULL),
(560, '4', 0, 19, 8, '0', '2016-01-26 11:38:21', NULL),
(561, '4', 0, 19, 9, '0', '2016-01-26 11:38:21', NULL),
(562, '4', 0, 19, 10, '0', '2016-01-26 11:38:21', NULL),
(563, '4', 0, 19, 11, '0', '2016-01-26 11:38:21', NULL),
(564, '4', 0, 19, 12, '0', '2016-01-26 11:38:21', NULL),
(565, '4', 0, 19, 13, '0', '2016-01-26 11:38:21', NULL),
(566, '4', 0, 19, 14, '0', '2016-01-26 11:38:21', NULL),
(567, '4', 0, 19, 15, '0', '2016-01-26 11:38:21', NULL),
(568, '4', 0, 19, 16, '0', '2016-01-26 11:38:21', NULL),
(569, '4', 0, 19, 17, '0', '2016-01-26 11:38:21', NULL),
(570, '4', 0, 19, 18, '0', '2016-01-26 11:38:21', NULL),
(571, '4', 0, 19, 19, '0', '2016-01-26 11:38:21', NULL),
(572, '4', 0, 19, 20, '0', '2016-01-26 11:38:21', NULL),
(573, '4', 0, 19, 21, '0', '2016-01-26 11:38:21', NULL),
(574, '4', 0, 19, 22, '0', '2016-01-26 11:38:21', NULL),
(575, '4', 0, 19, 23, '0', '2016-01-26 11:38:21', NULL),
(576, '4', 0, 19, 24, '0', '2016-01-26 11:38:21', NULL),
(577, '4', 0, 19, 25, '0', '2016-01-26 11:38:21', NULL),
(578, '4', 0, 19, 26, '0', '2016-01-26 11:38:21', NULL),
(579, '4', 0, 19, 27, '0', '2016-01-26 11:38:21', NULL),
(580, '4', 0, 19, 28, '0', '2016-01-26 11:38:21', NULL),
(581, '4', 0, 19, 29, '0', '2016-01-26 11:38:21', NULL),
(582, '4', 0, 19, 30, '0', '2016-01-26 11:38:21', NULL),
(583, '0', 0, 19, 31, '0', '2016-01-26 11:38:21', NULL),
(584, '', 0, 19, 32, '0', '2016-01-26 11:38:21', NULL),
(585, '4', 0, 13, 1, '0', '2016-01-26 15:04:53', NULL),
(586, '4', 0, 13, 2, '0', '2016-01-26 15:04:53', NULL),
(587, '4', 0, 13, 3, '0', '2016-01-26 15:04:53', NULL),
(588, '4', 0, 13, 4, '0', '2016-01-26 15:04:53', NULL),
(589, '4', 0, 13, 5, '0', '2016-01-26 15:04:53', NULL),
(590, '4', 0, 13, 6, '0', '2016-01-26 15:04:53', NULL),
(591, '4', 0, 13, 7, '0', '2016-01-26 15:04:53', NULL),
(592, '4', 0, 13, 8, '0', '2016-01-26 15:04:53', NULL),
(593, '4', 0, 13, 9, '0', '2016-01-26 15:04:53', NULL),
(594, '4', 0, 13, 10, '0', '2016-01-26 15:04:53', NULL),
(595, '4', 0, 13, 11, '0', '2016-01-26 15:04:53', NULL),
(596, '4', 0, 13, 12, '0', '2016-01-26 15:04:53', NULL),
(597, '4', 0, 13, 13, '0', '2016-01-26 15:04:53', NULL),
(598, '4', 0, 13, 14, '0', '2016-01-26 15:04:53', NULL),
(599, '4', 0, 13, 15, '0', '2016-01-26 15:04:53', NULL),
(600, '4', 0, 13, 16, '0', '2016-01-26 15:04:53', NULL),
(601, '4', 0, 13, 17, '0', '2016-01-26 15:04:53', NULL),
(602, '4', 0, 13, 18, '0', '2016-01-26 15:04:53', NULL),
(603, '4', 0, 13, 19, '0', '2016-01-26 15:04:53', NULL),
(604, '4', 0, 13, 20, '0', '2016-01-26 15:04:53', NULL),
(605, '4', 0, 13, 21, '0', '2016-01-26 15:04:54', NULL),
(606, '4', 0, 13, 22, '0', '2016-01-26 15:04:54', NULL),
(607, '4', 0, 13, 23, '0', '2016-01-26 15:04:54', NULL),
(608, '4', 0, 13, 24, '0', '2016-01-26 15:04:54', NULL),
(609, '4', 0, 13, 25, '0', '2016-01-26 15:04:54', NULL),
(610, '4', 0, 13, 26, '0', '2016-01-26 15:04:54', NULL),
(611, '4', 0, 13, 27, '0', '2016-01-26 15:04:54', NULL),
(612, '4', 0, 13, 28, '0', '2016-01-26 15:04:54', NULL),
(613, '4', 0, 13, 29, '0', '2016-01-26 15:04:54', NULL),
(614, '4', 0, 13, 30, '0', '2016-01-26 15:04:54', NULL),
(615, '0', 0, 13, 31, '0', '2016-01-26 15:04:54', NULL),
(616, '', 0, 13, 32, '0', '2016-01-26 15:04:54', NULL),
(617, '4', 0, 13, 1, '0', '2016-01-26 15:04:55', NULL),
(618, '4', 0, 13, 2, '0', '2016-01-26 15:04:55', NULL),
(619, '4', 0, 13, 3, '0', '2016-01-26 15:04:55', NULL),
(620, '4', 0, 13, 4, '0', '2016-01-26 15:04:55', NULL),
(621, '4', 0, 13, 5, '0', '2016-01-26 15:04:55', NULL),
(622, '4', 0, 13, 6, '0', '2016-01-26 15:04:55', NULL),
(623, '4', 0, 13, 7, '0', '2016-01-26 15:04:55', NULL),
(624, '4', 0, 13, 8, '0', '2016-01-26 15:04:55', NULL),
(625, '4', 0, 13, 9, '0', '2016-01-26 15:04:55', NULL),
(626, '4', 0, 13, 10, '0', '2016-01-26 15:04:55', NULL),
(627, '4', 0, 13, 11, '0', '2016-01-26 15:04:55', NULL),
(628, '4', 0, 13, 12, '0', '2016-01-26 15:04:55', NULL),
(629, '4', 0, 13, 13, '0', '2016-01-26 15:04:55', NULL),
(630, '4', 0, 13, 14, '0', '2016-01-26 15:04:56', NULL),
(631, '4', 0, 13, 15, '0', '2016-01-26 15:04:56', NULL),
(632, '4', 0, 13, 16, '0', '2016-01-26 15:04:56', NULL),
(633, '4', 0, 13, 17, '0', '2016-01-26 15:04:56', NULL),
(634, '4', 0, 13, 18, '0', '2016-01-26 15:04:56', NULL),
(635, '4', 0, 13, 19, '0', '2016-01-26 15:04:56', NULL),
(636, '4', 0, 13, 20, '0', '2016-01-26 15:04:56', NULL),
(637, '4', 0, 13, 21, '0', '2016-01-26 15:04:56', NULL),
(638, '4', 0, 13, 22, '0', '2016-01-26 15:04:56', NULL),
(639, '4', 0, 13, 23, '0', '2016-01-26 15:04:56', NULL),
(640, '4', 0, 13, 24, '0', '2016-01-26 15:04:56', NULL),
(641, '4', 0, 13, 25, '0', '2016-01-26 15:04:56', NULL),
(642, '4', 0, 13, 26, '0', '2016-01-26 15:04:56', NULL),
(643, '4', 0, 13, 27, '0', '2016-01-26 15:04:56', NULL),
(644, '4', 0, 13, 28, '0', '2016-01-26 15:04:56', NULL),
(645, '4', 0, 13, 29, '0', '2016-01-26 15:04:56', NULL),
(646, '4', 0, 13, 30, '0', '2016-01-26 15:04:56', NULL),
(647, '0', 0, 13, 31, '0', '2016-01-26 15:04:56', NULL),
(648, '', 0, 13, 32, '0', '2016-01-26 15:04:56', NULL),
(649, '4', 0, 20, 1, '0', '2016-01-27 09:39:16', NULL),
(650, '4', 0, 20, 2, '0', '2016-01-27 09:39:16', NULL),
(651, '4', 0, 20, 3, '0', '2016-01-27 09:39:16', NULL),
(652, '4', 0, 20, 4, '0', '2016-01-27 09:39:16', NULL),
(653, '4', 0, 20, 5, '0', '2016-01-27 09:39:17', NULL),
(654, '4', 0, 20, 6, '0', '2016-01-27 09:39:17', NULL),
(655, '4', 0, 20, 7, '0', '2016-01-27 09:39:17', NULL),
(656, '4', 0, 20, 8, '0', '2016-01-27 09:39:17', NULL),
(657, '4', 0, 20, 9, '0', '2016-01-27 09:39:17', NULL),
(658, '4', 0, 20, 10, '0', '2016-01-27 09:39:17', NULL),
(659, '4', 0, 20, 11, '0', '2016-01-27 09:39:17', NULL),
(660, '4', 0, 20, 12, '0', '2016-01-27 09:39:17', NULL),
(661, '4', 0, 20, 13, '0', '2016-01-27 09:39:17', NULL),
(662, '4', 0, 20, 14, '0', '2016-01-27 09:39:17', NULL),
(663, '4', 0, 20, 15, '0', '2016-01-27 09:39:17', NULL),
(664, '4', 0, 20, 16, '0', '2016-01-27 09:39:17', NULL),
(665, '4', 0, 20, 17, '0', '2016-01-27 09:39:17', NULL),
(666, '4', 0, 20, 18, '0', '2016-01-27 09:39:17', NULL),
(667, '4', 0, 20, 19, '0', '2016-01-27 09:39:17', NULL),
(668, '4', 0, 20, 20, '0', '2016-01-27 09:39:17', NULL),
(669, '4', 0, 20, 21, '0', '2016-01-27 09:39:17', NULL),
(670, '4', 0, 20, 22, '0', '2016-01-27 09:39:17', NULL),
(671, '4', 0, 20, 23, '0', '2016-01-27 09:39:17', NULL),
(672, '4', 0, 20, 24, '0', '2016-01-27 09:39:17', NULL),
(673, '4', 0, 20, 25, '0', '2016-01-27 09:39:17', NULL),
(674, '4', 0, 20, 26, '0', '2016-01-27 09:39:17', NULL),
(675, '4', 0, 20, 27, '0', '2016-01-27 09:39:17', NULL),
(676, '4', 0, 20, 28, '0', '2016-01-27 09:39:17', NULL),
(677, '4', 0, 20, 29, '0', '2016-01-27 09:39:17', NULL),
(678, '4', 0, 20, 30, '0', '2016-01-27 09:39:17', NULL),
(679, '0', 0, 20, 31, '0', '2016-01-27 09:39:17', NULL),
(680, '', 0, 20, 32, '0', '2016-01-27 09:39:17', NULL),
(681, '4', 0, 21, 1, '0', '2016-01-27 09:41:40', NULL),
(682, '4', 0, 21, 2, '0', '2016-01-27 09:41:40', NULL),
(683, '4', 0, 21, 3, '0', '2016-01-27 09:41:40', NULL),
(684, '4', 0, 21, 4, '0', '2016-01-27 09:41:40', NULL),
(685, '4', 0, 21, 5, '0', '2016-01-27 09:41:40', NULL),
(686, '4', 0, 21, 6, '0', '2016-01-27 09:41:40', NULL),
(687, '4', 0, 21, 7, '0', '2016-01-27 09:41:40', NULL),
(688, '4', 0, 21, 8, '0', '2016-01-27 09:41:40', NULL),
(689, '4', 0, 21, 9, '0', '2016-01-27 09:41:40', NULL),
(690, '4', 0, 21, 10, '0', '2016-01-27 09:41:40', NULL),
(691, '4', 0, 21, 11, '0', '2016-01-27 09:41:40', NULL),
(692, '4', 0, 21, 12, '0', '2016-01-27 09:41:40', NULL),
(693, '4', 0, 21, 13, '0', '2016-01-27 09:41:40', NULL),
(694, '4', 0, 21, 14, '0', '2016-01-27 09:41:40', NULL),
(695, '4', 0, 21, 15, '0', '2016-01-27 09:41:40', NULL),
(696, '4', 0, 21, 16, '0', '2016-01-27 09:41:40', NULL),
(697, '4', 0, 21, 17, '0', '2016-01-27 09:41:40', NULL),
(698, '4', 0, 21, 18, '0', '2016-01-27 09:41:40', NULL),
(699, '4', 0, 21, 19, '0', '2016-01-27 09:41:41', NULL),
(700, '4', 0, 21, 20, '0', '2016-01-27 09:41:41', NULL),
(701, '4', 0, 21, 21, '0', '2016-01-27 09:41:41', NULL),
(702, '4', 0, 21, 22, '0', '2016-01-27 09:41:41', NULL),
(703, '4', 0, 21, 23, '0', '2016-01-27 09:41:41', NULL),
(704, '4', 0, 21, 24, '0', '2016-01-27 09:41:41', NULL),
(705, '4', 0, 21, 25, '0', '2016-01-27 09:41:41', NULL),
(706, '4', 0, 21, 26, '0', '2016-01-27 09:41:41', NULL),
(707, '4', 0, 21, 27, '0', '2016-01-27 09:41:41', NULL),
(708, '4', 0, 21, 28, '0', '2016-01-27 09:41:41', NULL),
(709, '4', 0, 21, 29, '0', '2016-01-27 09:41:41', NULL),
(710, '4', 0, 21, 30, '0', '2016-01-27 09:41:41', NULL),
(711, '0', 0, 21, 31, '0', '2016-01-27 09:41:41', NULL),
(712, '', 0, 21, 32, '0', '2016-01-27 09:41:41', NULL),
(713, '4', 0, 22, 1, '0', '2016-01-27 09:42:32', NULL),
(714, '4', 0, 22, 2, '0', '2016-01-27 09:42:32', NULL),
(715, '4', 0, 22, 3, '0', '2016-01-27 09:42:32', NULL),
(716, '4', 0, 22, 4, '0', '2016-01-27 09:42:32', NULL),
(717, '4', 0, 22, 5, '0', '2016-01-27 09:42:32', NULL),
(718, '4', 0, 22, 6, '0', '2016-01-27 09:42:33', NULL),
(719, '4', 0, 22, 7, '0', '2016-01-27 09:42:33', NULL),
(720, '4', 0, 22, 8, '0', '2016-01-27 09:42:33', NULL),
(721, '4', 0, 22, 9, '0', '2016-01-27 09:42:33', NULL),
(722, '4', 0, 22, 10, '0', '2016-01-27 09:42:33', NULL),
(723, '4', 0, 22, 11, '0', '2016-01-27 09:42:33', NULL),
(724, '4', 0, 22, 12, '0', '2016-01-27 09:42:33', NULL),
(725, '4', 0, 22, 13, '0', '2016-01-27 09:42:33', NULL),
(726, '4', 0, 22, 14, '0', '2016-01-27 09:42:33', NULL),
(727, '4', 0, 22, 15, '0', '2016-01-27 09:42:33', NULL),
(728, '4', 0, 22, 16, '0', '2016-01-27 09:42:33', NULL),
(729, '4', 0, 22, 17, '0', '2016-01-27 09:42:33', NULL),
(730, '4', 0, 22, 18, '0', '2016-01-27 09:42:33', NULL),
(731, '4', 0, 22, 19, '0', '2016-01-27 09:42:33', NULL),
(732, '4', 0, 22, 20, '0', '2016-01-27 09:42:33', NULL),
(733, '4', 0, 22, 21, '0', '2016-01-27 09:42:33', NULL),
(734, '4', 0, 22, 22, '0', '2016-01-27 09:42:33', NULL),
(735, '4', 0, 22, 23, '0', '2016-01-27 09:42:33', NULL),
(736, '4', 0, 22, 24, '0', '2016-01-27 09:42:33', NULL),
(737, '4', 0, 22, 25, '0', '2016-01-27 09:42:33', NULL),
(738, '4', 0, 22, 26, '0', '2016-01-27 09:42:33', NULL),
(739, '4', 0, 22, 27, '0', '2016-01-27 09:42:33', NULL),
(740, '4', 0, 22, 28, '0', '2016-01-27 09:42:33', NULL),
(741, '4', 0, 22, 29, '0', '2016-01-27 09:42:33', NULL),
(742, '4', 0, 22, 30, '0', '2016-01-27 09:42:33', NULL),
(743, '0', 0, 22, 31, '0', '2016-01-27 09:42:33', NULL),
(744, '', 0, 22, 32, '0', '2016-01-27 09:42:34', NULL),
(745, '4', 0, 7, 1, '0', '2016-01-27 09:43:46', NULL),
(746, '4', 0, 7, 2, '0', '2016-01-27 09:43:46', NULL),
(747, '4', 0, 7, 3, '0', '2016-01-27 09:43:46', NULL),
(748, '4', 0, 7, 4, '0', '2016-01-27 09:43:46', NULL),
(749, '4', 0, 7, 5, '0', '2016-01-27 09:43:46', NULL),
(750, '4', 0, 7, 6, '0', '2016-01-27 09:43:47', NULL),
(751, '4', 0, 7, 7, '0', '2016-01-27 09:43:47', NULL),
(752, '4', 0, 7, 8, '0', '2016-01-27 09:43:47', NULL),
(753, '4', 0, 7, 9, '0', '2016-01-27 09:43:47', NULL),
(754, '4', 0, 7, 10, '0', '2016-01-27 09:43:47', NULL),
(755, '4', 0, 7, 11, '0', '2016-01-27 09:43:47', NULL),
(756, '4', 0, 7, 12, '0', '2016-01-27 09:43:47', NULL),
(757, '4', 0, 7, 13, '0', '2016-01-27 09:43:47', NULL),
(758, '4', 0, 7, 14, '0', '2016-01-27 09:43:47', NULL),
(759, '4', 0, 7, 15, '0', '2016-01-27 09:43:47', NULL),
(760, '4', 0, 7, 16, '0', '2016-01-27 09:43:47', NULL),
(761, '4', 0, 7, 17, '0', '2016-01-27 09:43:47', NULL),
(762, '4', 0, 7, 18, '0', '2016-01-27 09:43:47', NULL),
(763, '4', 0, 7, 19, '0', '2016-01-27 09:43:47', NULL),
(764, '4', 0, 7, 20, '0', '2016-01-27 09:43:47', NULL),
(765, '4', 0, 7, 21, '0', '2016-01-27 09:43:47', NULL),
(766, '4', 0, 7, 22, '0', '2016-01-27 09:43:47', NULL),
(767, '4', 0, 7, 23, '0', '2016-01-27 09:43:47', NULL),
(768, '4', 0, 7, 24, '0', '2016-01-27 09:43:47', NULL),
(769, '4', 0, 7, 25, '0', '2016-01-27 09:43:47', NULL),
(770, '4', 0, 7, 26, '0', '2016-01-27 09:43:47', NULL),
(771, '4', 0, 7, 27, '0', '2016-01-27 09:43:47', NULL),
(772, '4', 0, 7, 28, '0', '2016-01-27 09:43:47', NULL),
(773, '4', 0, 7, 29, '0', '2016-01-27 09:43:47', NULL),
(774, '4', 0, 7, 30, '0', '2016-01-27 09:43:47', NULL),
(775, '0', 0, 7, 31, '0', '2016-01-27 09:43:47', NULL),
(776, '', 0, 7, 32, '0', '2016-01-27 09:43:47', NULL),
(777, '4', 0, 7, 1, '0', '2016-01-27 09:46:24', NULL),
(778, '4', 0, 7, 2, '0', '2016-01-27 09:46:24', NULL),
(779, '4', 0, 7, 3, '0', '2016-01-27 09:46:24', NULL),
(780, '4', 0, 7, 4, '0', '2016-01-27 09:46:24', NULL),
(781, '4', 0, 7, 5, '0', '2016-01-27 09:46:24', NULL),
(782, '4', 0, 7, 6, '0', '2016-01-27 09:46:24', NULL),
(783, '4', 0, 7, 7, '0', '2016-01-27 09:46:24', NULL),
(784, '4', 0, 7, 8, '0', '2016-01-27 09:46:24', NULL),
(785, '4', 0, 7, 9, '0', '2016-01-27 09:46:24', NULL),
(786, '4', 0, 7, 10, '0', '2016-01-27 09:46:24', NULL),
(787, '4', 0, 7, 11, '0', '2016-01-27 09:46:24', NULL),
(788, '4', 0, 7, 12, '0', '2016-01-27 09:46:24', NULL),
(789, '4', 0, 7, 13, '0', '2016-01-27 09:46:24', NULL),
(790, '4', 0, 7, 14, '0', '2016-01-27 09:46:24', NULL),
(791, '4', 0, 7, 15, '0', '2016-01-27 09:46:24', NULL),
(792, '4', 0, 7, 16, '0', '2016-01-27 09:46:24', NULL),
(793, '4', 0, 7, 17, '0', '2016-01-27 09:46:24', NULL),
(794, '4', 0, 7, 18, '0', '2016-01-27 09:46:24', NULL),
(795, '4', 0, 7, 19, '0', '2016-01-27 09:46:24', NULL),
(796, '4', 0, 7, 20, '0', '2016-01-27 09:46:24', NULL),
(797, '4', 0, 7, 21, '0', '2016-01-27 09:46:25', NULL),
(798, '4', 0, 7, 22, '0', '2016-01-27 09:46:25', NULL),
(799, '4', 0, 7, 23, '0', '2016-01-27 09:46:25', NULL),
(800, '4', 0, 7, 24, '0', '2016-01-27 09:46:25', NULL),
(801, '4', 0, 7, 25, '0', '2016-01-27 09:46:25', NULL),
(802, '4', 0, 7, 26, '0', '2016-01-27 09:46:25', NULL),
(803, '4', 0, 7, 27, '0', '2016-01-27 09:46:25', NULL),
(804, '4', 0, 7, 28, '0', '2016-01-27 09:46:25', NULL),
(805, '4', 0, 7, 29, '0', '2016-01-27 09:46:25', NULL),
(806, '4', 0, 7, 30, '0', '2016-01-27 09:46:25', NULL),
(807, '0', 0, 7, 31, '0', '2016-01-27 09:46:25', NULL),
(808, '', 0, 7, 32, '0', '2016-01-27 09:46:25', NULL),
(809, '4', 0, 7, 1, '0', '2016-01-27 09:46:58', NULL),
(810, '4', 0, 7, 2, '0', '2016-01-27 09:46:58', NULL),
(811, '4', 0, 7, 3, '0', '2016-01-27 09:46:58', NULL),
(812, '4', 0, 7, 4, '0', '2016-01-27 09:46:58', NULL),
(813, '4', 0, 7, 5, '0', '2016-01-27 09:46:58', NULL),
(814, '4', 0, 7, 6, '0', '2016-01-27 09:46:58', NULL),
(815, '4', 0, 7, 7, '0', '2016-01-27 09:46:58', NULL),
(816, '4', 0, 7, 8, '0', '2016-01-27 09:46:58', NULL),
(817, '4', 0, 7, 9, '0', '2016-01-27 09:46:58', NULL),
(818, '4', 0, 7, 10, '0', '2016-01-27 09:46:58', NULL),
(819, '4', 0, 7, 11, '0', '2016-01-27 09:46:58', NULL),
(820, '4', 0, 7, 12, '0', '2016-01-27 09:46:58', NULL),
(821, '4', 0, 7, 13, '0', '2016-01-27 09:46:58', NULL),
(822, '4', 0, 7, 14, '0', '2016-01-27 09:46:58', NULL),
(823, '4', 0, 7, 15, '0', '2016-01-27 09:46:58', NULL),
(824, '4', 0, 7, 16, '0', '2016-01-27 09:46:58', NULL),
(825, '4', 0, 7, 17, '0', '2016-01-27 09:46:58', NULL),
(826, '4', 0, 7, 18, '0', '2016-01-27 09:46:58', NULL),
(827, '4', 0, 7, 19, '0', '2016-01-27 09:46:58', NULL),
(828, '4', 0, 7, 20, '0', '2016-01-27 09:46:58', NULL),
(829, '4', 0, 7, 21, '0', '2016-01-27 09:46:58', NULL),
(830, '4', 0, 7, 22, '0', '2016-01-27 09:46:58', NULL),
(831, '4', 0, 7, 23, '0', '2016-01-27 09:46:58', NULL),
(832, '4', 0, 7, 24, '0', '2016-01-27 09:46:58', NULL),
(833, '4', 0, 7, 25, '0', '2016-01-27 09:46:58', NULL),
(834, '4', 0, 7, 26, '0', '2016-01-27 09:46:58', NULL),
(835, '4', 0, 7, 27, '0', '2016-01-27 09:46:58', NULL),
(836, '4', 0, 7, 28, '0', '2016-01-27 09:46:58', NULL),
(837, '4', 0, 7, 1, '0', '2016-01-27 09:46:59', NULL),
(838, '4', 0, 7, 29, '0', '2016-01-27 09:46:59', NULL),
(839, '4', 0, 7, 2, '0', '2016-01-27 09:46:59', NULL),
(840, '4', 0, 7, 30, '0', '2016-01-27 09:46:59', NULL),
(841, '4', 0, 7, 3, '0', '2016-01-27 09:46:59', NULL),
(842, '0', 0, 7, 31, '0', '2016-01-27 09:46:59', NULL),
(843, '4', 0, 7, 4, '0', '2016-01-27 09:46:59', NULL),
(844, '', 0, 7, 32, '0', '2016-01-27 09:46:59', NULL),
(845, '4', 0, 7, 5, '0', '2016-01-27 09:46:59', NULL),
(846, '4', 0, 7, 6, '0', '2016-01-27 09:46:59', NULL),
(847, '4', 0, 7, 7, '0', '2016-01-27 09:46:59', NULL),
(848, '4', 0, 7, 8, '0', '2016-01-27 09:46:59', NULL),
(849, '4', 0, 7, 9, '0', '2016-01-27 09:46:59', NULL),
(850, '4', 0, 7, 10, '0', '2016-01-27 09:46:59', NULL),
(851, '4', 0, 7, 11, '0', '2016-01-27 09:46:59', NULL),
(852, '4', 0, 7, 12, '0', '2016-01-27 09:46:59', NULL),
(853, '4', 0, 7, 13, '0', '2016-01-27 09:46:59', NULL),
(854, '4', 0, 7, 14, '0', '2016-01-27 09:46:59', NULL),
(855, '4', 0, 7, 15, '0', '2016-01-27 09:46:59', NULL),
(856, '4', 0, 7, 16, '0', '2016-01-27 09:46:59', NULL),
(857, '4', 0, 7, 17, '0', '2016-01-27 09:46:59', NULL),
(858, '4', 0, 7, 18, '0', '2016-01-27 09:46:59', NULL),
(859, '4', 0, 7, 19, '0', '2016-01-27 09:46:59', NULL),
(860, '4', 0, 7, 20, '0', '2016-01-27 09:46:59', NULL),
(861, '4', 0, 7, 21, '0', '2016-01-27 09:46:59', NULL),
(862, '4', 0, 7, 22, '0', '2016-01-27 09:46:59', NULL),
(863, '4', 0, 7, 23, '0', '2016-01-27 09:46:59', NULL),
(864, '4', 0, 7, 24, '0', '2016-01-27 09:46:59', NULL),
(865, '4', 0, 7, 25, '0', '2016-01-27 09:46:59', NULL),
(866, '4', 0, 7, 26, '0', '2016-01-27 09:46:59', NULL),
(867, '4', 0, 7, 27, '0', '2016-01-27 09:47:00', NULL),
(868, '4', 0, 7, 28, '0', '2016-01-27 09:47:00', NULL),
(869, '4', 0, 7, 29, '0', '2016-01-27 09:47:00', NULL),
(870, '4', 0, 7, 30, '0', '2016-01-27 09:47:00', NULL),
(871, '0', 0, 7, 31, '0', '2016-01-27 09:47:00', NULL),
(872, '', 0, 7, 32, '0', '2016-01-27 09:47:00', NULL),
(873, '4', 0, 7, 1, '0', '2016-01-27 09:51:24', NULL),
(874, '4', 0, 7, 2, '0', '2016-01-27 09:51:24', NULL),
(875, '4', 0, 7, 3, '0', '2016-01-27 09:51:24', NULL),
(876, '4', 0, 7, 4, '0', '2016-01-27 09:51:24', NULL),
(877, '4', 0, 7, 5, '0', '2016-01-27 09:51:24', NULL),
(878, '4', 0, 7, 6, '0', '2016-01-27 09:51:24', NULL),
(879, '4', 0, 7, 7, '0', '2016-01-27 09:51:24', NULL),
(880, '4', 0, 7, 8, '0', '2016-01-27 09:51:24', NULL),
(881, '4', 0, 7, 9, '0', '2016-01-27 09:51:24', NULL),
(882, '4', 0, 7, 10, '0', '2016-01-27 09:51:24', NULL),
(883, '4', 0, 7, 11, '0', '2016-01-27 09:51:24', NULL),
(884, '4', 0, 7, 12, '0', '2016-01-27 09:51:24', NULL),
(885, '4', 0, 7, 13, '0', '2016-01-27 09:51:24', NULL),
(886, '4', 0, 7, 14, '0', '2016-01-27 09:51:24', NULL),
(887, '4', 0, 7, 15, '0', '2016-01-27 09:51:24', NULL),
(888, '4', 0, 7, 16, '0', '2016-01-27 09:51:25', NULL),
(889, '4', 0, 7, 17, '0', '2016-01-27 09:51:25', NULL),
(890, '4', 0, 7, 18, '0', '2016-01-27 09:51:25', NULL),
(891, '4', 0, 7, 19, '0', '2016-01-27 09:51:25', NULL),
(892, '4', 0, 7, 20, '0', '2016-01-27 09:51:25', NULL),
(893, '4', 0, 7, 21, '0', '2016-01-27 09:51:25', NULL),
(894, '4', 0, 7, 22, '0', '2016-01-27 09:51:25', NULL),
(895, '4', 0, 7, 23, '0', '2016-01-27 09:51:25', NULL),
(896, '4', 0, 7, 24, '0', '2016-01-27 09:51:25', NULL),
(897, '4', 0, 7, 25, '0', '2016-01-27 09:51:25', NULL),
(898, '4', 0, 7, 26, '0', '2016-01-27 09:51:25', NULL),
(899, '4', 0, 7, 27, '0', '2016-01-27 09:51:25', NULL),
(900, '4', 0, 7, 28, '0', '2016-01-27 09:51:25', NULL),
(901, '4', 0, 7, 29, '0', '2016-01-27 09:51:25', NULL),
(902, '4', 0, 7, 30, '0', '2016-01-27 09:51:25', NULL),
(903, '0', 0, 7, 31, '0', '2016-01-27 09:51:25', NULL),
(904, '', 0, 7, 32, '0', '2016-01-27 09:51:25', NULL),
(905, '4', 0, 7, 1, '0', '2016-01-27 09:51:25', NULL),
(906, '4', 0, 7, 2, '0', '2016-01-27 09:51:25', NULL),
(907, '4', 0, 7, 3, '0', '2016-01-27 09:51:25', NULL),
(908, '4', 0, 7, 4, '0', '2016-01-27 09:51:25', NULL),
(909, '4', 0, 7, 5, '0', '2016-01-27 09:51:25', NULL),
(910, '4', 0, 7, 6, '0', '2016-01-27 09:51:25', NULL),
(911, '4', 0, 7, 7, '0', '2016-01-27 09:51:25', NULL),
(912, '4', 0, 7, 8, '0', '2016-01-27 09:51:25', NULL),
(913, '4', 0, 7, 9, '0', '2016-01-27 09:51:25', NULL),
(914, '4', 0, 7, 10, '0', '2016-01-27 09:51:25', NULL),
(915, '4', 0, 7, 11, '0', '2016-01-27 09:51:25', NULL),
(916, '4', 0, 7, 12, '0', '2016-01-27 09:51:25', NULL),
(917, '4', 0, 7, 13, '0', '2016-01-27 09:51:26', NULL);
INSERT INTO `fb_patients_feeds` (`id`, `feed`, `questionnaire_id`, `patient_id`, `question_id`, `is_deleted`, `added_date`, `updated_date`) VALUES
(918, '4', 0, 7, 14, '0', '2016-01-27 09:51:26', NULL),
(919, '4', 0, 7, 15, '0', '2016-01-27 09:51:26', NULL),
(920, '4', 0, 7, 16, '0', '2016-01-27 09:51:26', NULL),
(921, '4', 0, 7, 17, '0', '2016-01-27 09:51:26', NULL),
(922, '4', 0, 7, 18, '0', '2016-01-27 09:51:26', NULL),
(923, '4', 0, 7, 19, '0', '2016-01-27 09:51:26', NULL),
(924, '4', 0, 7, 20, '0', '2016-01-27 09:51:26', NULL),
(925, '4', 0, 7, 21, '0', '2016-01-27 09:51:26', NULL),
(926, '4', 0, 7, 22, '0', '2016-01-27 09:51:26', NULL),
(927, '4', 0, 7, 23, '0', '2016-01-27 09:51:26', NULL),
(928, '4', 0, 7, 24, '0', '2016-01-27 09:51:26', NULL),
(929, '4', 0, 7, 25, '0', '2016-01-27 09:51:26', NULL),
(930, '4', 0, 7, 26, '0', '2016-01-27 09:51:26', NULL),
(931, '4', 0, 7, 27, '0', '2016-01-27 09:51:26', NULL),
(932, '4', 0, 7, 28, '0', '2016-01-27 09:51:26', NULL),
(933, '4', 0, 7, 29, '0', '2016-01-27 09:51:26', NULL),
(934, '4', 0, 7, 30, '0', '2016-01-27 09:51:26', NULL),
(935, '0', 0, 7, 31, '0', '2016-01-27 09:51:26', NULL),
(936, '', 0, 7, 32, '0', '2016-01-27 09:51:26', NULL),
(937, '3', 0, 7, 1, '0', '2016-01-27 09:55:57', NULL),
(938, '3', 0, 7, 2, '0', '2016-01-27 09:55:57', NULL),
(939, '4', 0, 7, 3, '0', '2016-01-27 09:55:57', NULL),
(940, '4', 0, 7, 4, '0', '2016-01-27 09:55:57', NULL),
(941, '4', 0, 7, 5, '0', '2016-01-27 09:55:57', NULL),
(942, '4', 0, 7, 6, '0', '2016-01-27 09:55:57', NULL),
(943, '4', 0, 7, 7, '0', '2016-01-27 09:55:57', NULL),
(944, '4', 0, 7, 8, '0', '2016-01-27 09:55:57', NULL),
(945, '4', 0, 7, 9, '0', '2016-01-27 09:55:57', NULL),
(946, '4', 0, 7, 10, '0', '2016-01-27 09:55:57', NULL),
(947, '4', 0, 7, 11, '0', '2016-01-27 09:55:57', NULL),
(948, '4', 0, 7, 12, '0', '2016-01-27 09:55:57', NULL),
(949, '4', 0, 7, 13, '0', '2016-01-27 09:55:57', NULL),
(950, '4', 0, 7, 14, '0', '2016-01-27 09:55:57', NULL),
(951, '4', 0, 7, 15, '0', '2016-01-27 09:55:57', NULL),
(952, '4', 0, 7, 16, '0', '2016-01-27 09:55:57', NULL),
(953, '4', 0, 7, 17, '0', '2016-01-27 09:55:57', NULL),
(954, '4', 0, 7, 18, '0', '2016-01-27 09:55:57', NULL),
(955, '4', 0, 7, 19, '0', '2016-01-27 09:55:57', NULL),
(956, '4', 0, 7, 20, '0', '2016-01-27 09:55:57', NULL),
(957, '4', 0, 7, 21, '0', '2016-01-27 09:55:57', NULL),
(958, '3', 0, 7, 1, '0', '2016-01-27 09:55:57', NULL),
(959, '4', 0, 7, 22, '0', '2016-01-27 09:55:57', NULL),
(960, '3', 0, 7, 2, '0', '2016-01-27 09:55:57', NULL),
(961, '4', 0, 7, 23, '0', '2016-01-27 09:55:57', NULL),
(962, '4', 0, 7, 3, '0', '2016-01-27 09:55:57', NULL),
(963, '4', 0, 7, 24, '0', '2016-01-27 09:55:57', NULL),
(964, '4', 0, 7, 4, '0', '2016-01-27 09:55:57', NULL),
(965, '4', 0, 7, 25, '0', '2016-01-27 09:55:58', NULL),
(966, '4', 0, 7, 5, '0', '2016-01-27 09:55:58', NULL),
(967, '4', 0, 7, 26, '0', '2016-01-27 09:55:58', NULL),
(968, '4', 0, 7, 6, '0', '2016-01-27 09:55:58', NULL),
(969, '4', 0, 7, 27, '0', '2016-01-27 09:55:58', NULL),
(970, '4', 0, 7, 7, '0', '2016-01-27 09:55:58', NULL),
(971, '4', 0, 7, 28, '0', '2016-01-27 09:55:58', NULL),
(972, '4', 0, 7, 8, '0', '2016-01-27 09:55:58', NULL),
(973, '4', 0, 7, 29, '0', '2016-01-27 09:55:58', NULL),
(974, '4', 0, 7, 9, '0', '2016-01-27 09:55:58', NULL),
(975, '4', 0, 7, 30, '0', '2016-01-27 09:55:58', NULL),
(976, '4', 0, 7, 10, '0', '2016-01-27 09:55:58', NULL),
(977, '0', 0, 7, 31, '0', '2016-01-27 09:55:58', NULL),
(978, '4', 0, 7, 11, '0', '2016-01-27 09:55:58', NULL),
(979, '', 0, 7, 32, '0', '2016-01-27 09:55:58', NULL),
(980, '4', 0, 7, 12, '0', '2016-01-27 09:55:58', NULL),
(981, '4', 0, 7, 13, '0', '2016-01-27 09:55:58', NULL),
(982, '4', 0, 7, 14, '0', '2016-01-27 09:55:58', NULL),
(983, '4', 0, 7, 15, '0', '2016-01-27 09:55:58', NULL),
(984, '4', 0, 7, 16, '0', '2016-01-27 09:55:58', NULL),
(985, '4', 0, 7, 17, '0', '2016-01-27 09:55:58', NULL),
(986, '4', 0, 7, 18, '0', '2016-01-27 09:55:58', NULL),
(987, '4', 0, 7, 19, '0', '2016-01-27 09:55:58', NULL),
(988, '4', 0, 7, 20, '0', '2016-01-27 09:55:58', NULL),
(989, '4', 0, 7, 21, '0', '2016-01-27 09:55:58', NULL),
(990, '4', 0, 7, 22, '0', '2016-01-27 09:55:58', NULL),
(991, '4', 0, 7, 23, '0', '2016-01-27 09:55:58', NULL),
(992, '4', 0, 7, 24, '0', '2016-01-27 09:55:58', NULL),
(993, '4', 0, 7, 25, '0', '2016-01-27 09:55:58', NULL),
(994, '4', 0, 7, 26, '0', '2016-01-27 09:55:59', NULL),
(995, '4', 0, 7, 27, '0', '2016-01-27 09:55:59', NULL),
(996, '4', 0, 7, 28, '0', '2016-01-27 09:55:59', NULL),
(997, '4', 0, 7, 29, '0', '2016-01-27 09:55:59', NULL),
(998, '4', 0, 7, 30, '0', '2016-01-27 09:55:59', NULL),
(999, '0', 0, 7, 31, '0', '2016-01-27 09:55:59', NULL),
(1000, '', 0, 7, 32, '0', '2016-01-27 09:55:59', NULL),
(1001, '3', 0, 23, 1, '0', '2016-01-27 10:37:27', NULL),
(1002, '3', 0, 23, 2, '0', '2016-01-27 10:37:27', NULL),
(1003, '4', 0, 23, 3, '0', '2016-01-27 10:37:27', NULL),
(1004, '4', 0, 23, 4, '0', '2016-01-27 10:37:27', NULL),
(1005, '4', 0, 23, 5, '0', '2016-01-27 10:37:27', NULL),
(1006, '4', 0, 23, 6, '0', '2016-01-27 10:37:27', NULL),
(1007, '4', 0, 23, 7, '0', '2016-01-27 10:37:27', NULL),
(1008, '4', 0, 23, 8, '0', '2016-01-27 10:37:27', NULL),
(1009, '4', 0, 23, 9, '0', '2016-01-27 10:37:27', NULL),
(1010, '4', 0, 23, 10, '0', '2016-01-27 10:37:27', NULL),
(1011, '4', 0, 23, 11, '0', '2016-01-27 10:37:27', NULL),
(1012, '4', 0, 23, 12, '0', '2016-01-27 10:37:27', NULL),
(1013, '4', 0, 23, 13, '0', '2016-01-27 10:37:27', NULL),
(1014, '4', 0, 23, 14, '0', '2016-01-27 10:37:27', NULL),
(1015, '4', 0, 23, 15, '0', '2016-01-27 10:37:27', NULL),
(1016, '4', 0, 23, 16, '0', '2016-01-27 10:37:27', NULL),
(1017, '4', 0, 23, 17, '0', '2016-01-27 10:37:27', NULL),
(1018, '4', 0, 23, 18, '0', '2016-01-27 10:37:27', NULL),
(1019, '4', 0, 23, 19, '0', '2016-01-27 10:37:27', NULL),
(1020, '4', 0, 23, 20, '0', '2016-01-27 10:37:28', NULL),
(1021, '4', 0, 23, 21, '0', '2016-01-27 10:37:28', NULL),
(1022, '4', 0, 23, 22, '0', '2016-01-27 10:37:28', NULL),
(1023, '4', 0, 23, 23, '0', '2016-01-27 10:37:28', NULL),
(1024, '4', 0, 23, 24, '0', '2016-01-27 10:37:28', NULL),
(1025, '4', 0, 23, 25, '0', '2016-01-27 10:37:28', NULL),
(1026, '4', 0, 23, 26, '0', '2016-01-27 10:37:28', NULL),
(1027, '4', 0, 23, 27, '0', '2016-01-27 10:37:28', NULL),
(1028, '4', 0, 23, 28, '0', '2016-01-27 10:37:28', NULL),
(1029, '4', 0, 23, 29, '0', '2016-01-27 10:37:28', NULL),
(1030, '4', 0, 23, 30, '0', '2016-01-27 10:37:28', NULL),
(1031, '0', 0, 23, 31, '0', '2016-01-27 10:37:28', NULL),
(1032, '', 0, 23, 32, '0', '2016-01-27 10:37:28', NULL),
(1033, '4', 0, 24, 1, '0', '2016-01-27 11:18:09', NULL),
(1034, '4', 0, 24, 2, '0', '2016-01-27 11:18:09', NULL),
(1035, '4', 0, 24, 3, '0', '2016-01-27 11:18:09', NULL),
(1036, '4', 0, 24, 4, '0', '2016-01-27 11:18:09', NULL),
(1037, '4', 0, 24, 5, '0', '2016-01-27 11:18:09', NULL),
(1038, '4', 0, 24, 6, '0', '2016-01-27 11:18:09', NULL),
(1039, '4', 0, 24, 7, '0', '2016-01-27 11:18:09', NULL),
(1040, '4', 0, 24, 8, '0', '2016-01-27 11:18:09', NULL),
(1041, '4', 0, 24, 9, '0', '2016-01-27 11:18:09', NULL),
(1042, '4', 0, 24, 10, '0', '2016-01-27 11:18:09', NULL),
(1043, '4', 0, 24, 11, '0', '2016-01-27 11:18:09', NULL),
(1044, '4', 0, 24, 12, '0', '2016-01-27 11:18:09', NULL),
(1045, '4', 0, 24, 13, '0', '2016-01-27 11:18:09', NULL),
(1046, '4', 0, 24, 14, '0', '2016-01-27 11:18:09', NULL),
(1047, '4', 0, 24, 15, '0', '2016-01-27 11:18:10', NULL),
(1048, '4', 0, 24, 16, '0', '2016-01-27 11:18:10', NULL),
(1049, '4', 0, 24, 17, '0', '2016-01-27 11:18:10', NULL),
(1050, '4', 0, 24, 18, '0', '2016-01-27 11:18:10', NULL),
(1051, '4', 0, 24, 19, '0', '2016-01-27 11:18:10', NULL),
(1052, '4', 0, 24, 20, '0', '2016-01-27 11:18:10', NULL),
(1053, '4', 0, 24, 21, '0', '2016-01-27 11:18:10', NULL),
(1054, '4', 0, 24, 22, '0', '2016-01-27 11:18:10', NULL),
(1055, '4', 0, 24, 23, '0', '2016-01-27 11:18:10', NULL),
(1056, '4', 0, 24, 24, '0', '2016-01-27 11:18:10', NULL),
(1057, '4', 0, 24, 25, '0', '2016-01-27 11:18:10', NULL),
(1058, '4', 0, 24, 26, '0', '2016-01-27 11:18:10', NULL),
(1059, '4', 0, 24, 27, '0', '2016-01-27 11:18:10', NULL),
(1060, '4', 0, 24, 28, '0', '2016-01-27 11:18:10', NULL),
(1061, '4', 0, 24, 29, '0', '2016-01-27 11:18:10', NULL),
(1062, '4', 0, 24, 30, '0', '2016-01-27 11:18:10', NULL),
(1063, '0', 0, 24, 31, '0', '2016-01-27 11:18:10', NULL),
(1064, '', 0, 24, 32, '0', '2016-01-27 11:18:10', NULL);

-- --------------------------------------------------------

--
-- Table structure for table `fb_questionnaire`
--

CREATE TABLE IF NOT EXISTS `fb_questionnaire` (
  `id` int(11) NOT NULL AUTO_INCREMENT,
  `name` varchar(255) NOT NULL,
  `type` enum('1','2') NOT NULL COMMENT '1 = Questionnaire, 2 = Instant Feedback',
  `language_type` enum('en','ta','si','multi') NOT NULL DEFAULT 'multi',
  `location` int(11) NOT NULL,
  `thank_image` varchar(255) NOT NULL,
  `thank_text` varchar(255) NOT NULL,
  `thank_text_desc` varchar(255) NOT NULL,
  `thank_text_si` varchar(255) CHARACTER SET utf8 COLLATE utf8_unicode_ci DEFAULT NULL,
  `thank_text_desc_si` varchar(255) CHARACTER SET utf8 COLLATE utf8_unicode_ci DEFAULT NULL,
  `thank_text_ta` varchar(255) CHARACTER SET utf8 COLLATE utf8_unicode_ci DEFAULT NULL,
  `thank_text_desc_ta` varchar(255) CHARACTER SET utf8 COLLATE utf8_unicode_ci DEFAULT NULL,
  `text_colour` varchar(255) NOT NULL,
  `text_box_colour` varchar(255) NOT NULL,
  `btn_colour` varchar(255) NOT NULL,
  `btn_type` enum('3d','flat') NOT NULL DEFAULT 'flat',
  `btn_text_colour` varchar(255) NOT NULL,
  `banner_colour` varchar(255) NOT NULL,
  `banner_txt_colour` varchar(255) NOT NULL,
  `welcome_image` varchar(255) DEFAULT NULL,
  `welcome_text` varchar(255) DEFAULT NULL,
  `welcome_text_desc` varchar(255) DEFAULT NULL,
  `welcome_text_si` varchar(255) CHARACTER SET utf8 COLLATE utf8_unicode_ci DEFAULT NULL,
  `welcome_text_desc_si` varchar(255) CHARACTER SET utf8 COLLATE utf8_unicode_ci DEFAULT NULL,
  `welcome_text_ta` varchar(255) CHARACTER SET utf8 COLLATE utf8_unicode_ci DEFAULT NULL,
  `welcome_text_desc_ta` varchar(255) CHARACTER SET utf8 COLLATE utf8_unicode_ci DEFAULT NULL,
  `welcome_bg_colour` varchar(255) DEFAULT NULL,
  `is_published` enum('1','0') NOT NULL DEFAULT '1' COMMENT '1 = ''Published'', 0 = ''UnPublished''',
  `is_deleted` enum('0','1') NOT NULL DEFAULT '0' COMMENT '0 = not deleted , 1 = deleted',
  `added_date` datetime NOT NULL,
  `updated_date` datetime DEFAULT NULL,
  PRIMARY KEY (`id`)
) ENGINE=InnoDB  DEFAULT CHARSET=latin1 AUTO_INCREMENT=17 ;

--
-- Dumping data for table `fb_questionnaire`
--

INSERT INTO `fb_questionnaire` (`id`, `name`, `type`, `language_type`, `location`, `thank_image`, `thank_text`, `thank_text_desc`, `thank_text_si`, `thank_text_desc_si`, `thank_text_ta`, `thank_text_desc_ta`, `text_colour`, `text_box_colour`, `btn_colour`, `btn_type`, `btn_text_colour`, `banner_colour`, `banner_txt_colour`, `welcome_image`, `welcome_text`, `welcome_text_desc`, `welcome_text_si`, `welcome_text_desc_si`, `welcome_text_ta`, `welcome_text_desc_ta`, `welcome_bg_colour`, `is_published`, `is_deleted`, `added_date`, `updated_date`) VALUES
(1, 'In patient feedback questionnaire', '1', 'multi', 2, 'face.png', 'Thank You', 'We value your feedback', 'fsdfsfff', 'fsdf', 'fsf', 'fsdf', '#FFFFFF', '#414141', '#f47b20', '3d', '#FFFFFF', '#f47b20', '#333', 'face.png', 'Welcome to Feedbox', 'Please rate your level of satisfaction by clicking the appropriate face', ' ', '', '', '', '#333', '1', '0', '2016-01-18 11:12:50', NULL),
(16, 'xZXZs', '1', 'multi', 2, 'face.png', 'Thank You', 'We value your feedback', NULL, NULL, NULL, NULL, '#FFFFFF', '#414141', '#f47b20', '3d', '#FFFFFF', '#f47b20', '#333', 'face.png', 'Welcome to Feedbox', 'Please rate your level of satisfaction by clicking the appropriate face', NULL, NULL, NULL, NULL, '#333', '1', '0', '2016-01-27 10:57:19', NULL);

-- --------------------------------------------------------

--
-- Table structure for table `fb_questions`
--

CREATE TABLE IF NOT EXISTS `fb_questions` (
  `id` int(11) NOT NULL AUTO_INCREMENT,
  `question_name` varchar(255) DEFAULT NULL,
  `question_name_ta` varchar(255) CHARACTER SET utf8 COLLATE utf8_unicode_ci DEFAULT NULL,
  `question_name_si` varchar(255) CHARACTER SET utf8 COLLATE utf8_unicode_ci DEFAULT NULL,
  `questionnaire_id` int(11) NOT NULL,
  `question_type_id` int(11) DEFAULT NULL,
  `answer_type` enum('emo','yno','txt','tarea') NOT NULL,
  `is_published` enum('0','1') NOT NULL DEFAULT '1' COMMENT '1 = ''Published'', 0 = ''UnPublished''',
  `is_deleted` enum('0','1') NOT NULL DEFAULT '0',
  `added_date` datetime NOT NULL,
  `updated_date` datetime DEFAULT NULL,
  PRIMARY KEY (`id`)
) ENGINE=InnoDB  DEFAULT CHARSET=latin1 AUTO_INCREMENT=36 ;

--
-- Dumping data for table `fb_questions`
--

INSERT INTO `fb_questions` (`id`, `question_name`, `question_name_ta`, `question_name_si`, `questionnaire_id`, `question_type_id`, `answer_type`, `is_published`, `is_deleted`, `added_date`, `updated_date`) VALUES
(1, 'Friendliness', '', '', 1, 1, 'emo', '1', '0', '0000-00-00 00:00:00', '2016-01-26 05:45:12'),
(2, 'Knowledge & Skills', NULL, NULL, 1, 1, 'emo', '1', '0', '0000-00-00 00:00:00', '0000-00-00 00:00:00'),
(3, 'Care & Concern', '', '', 1, 2, 'emo', '1', '0', '0000-00-00 00:00:00', '2016-01-26 08:28:24'),
(4, 'Knowledge & Skills', NULL, NULL, 1, 2, 'emo', '1', '0', '0000-00-00 00:00:00', '0000-00-00 00:00:00'),
(5, 'Speed of Response', NULL, NULL, 1, 2, 'emo', '1', '0', '0000-00-00 00:00:00', '0000-00-00 00:00:00'),
(6, 'Care & Concern', NULL, NULL, 1, 3, 'emo', '1', '0', '0000-00-00 00:00:00', '0000-00-00 00:00:00'),
(7, 'Clarity of Explanation', NULL, NULL, 1, 3, 'emo', '1', '0', '0000-00-00 00:00:00', '0000-00-00 00:00:00'),
(8, 'Knowledge & Skill', NULL, NULL, 1, 3, 'emo', '1', '0', '0000-00-00 00:00:00', '0000-00-00 00:00:00'),
(9, 'Laboratory Services', NULL, NULL, 1, 4, 'emo', '1', '0', '0000-00-00 00:00:00', '0000-00-00 00:00:00'),
(10, 'Pharmacy Services', NULL, NULL, 1, 4, 'emo', '1', '0', '0000-00-00 00:00:00', '0000-00-00 00:00:00'),
(11, 'X-Ray/MRI/CT', NULL, NULL, 1, 4, 'emo', '1', '0', '0000-00-00 00:00:00', '0000-00-00 00:00:00'),
(12, 'Meals Provided by hospital', NULL, NULL, 1, 4, 'emo', '1', '0', '0000-00-00 00:00:00', '0000-00-00 00:00:00'),
(13, 'Hospital Facilities & Equipment', NULL, NULL, 1, 4, 'emo', '1', '0', '0000-00-00 00:00:00', '0000-00-00 00:00:00'),
(14, 'Consultant', NULL, NULL, 1, 4, 'emo', '1', '0', '0000-00-00 00:00:00', '0000-00-00 00:00:00'),
(15, 'Staff attention/ Courtesy', NULL, NULL, 1, 5, 'emo', '1', '0', '0000-00-00 00:00:00', '0000-00-00 00:00:00'),
(16, 'Explanation on cost and procedures', NULL, NULL, 1, 5, 'emo', '1', '0', '0000-00-00 00:00:00', '0000-00-00 00:00:00'),
(17, 'Escort  to room and handover\r\n', NULL, NULL, 1, 5, 'emo', '1', '0', '0000-00-00 00:00:00', '0000-00-00 00:00:00'),
(18, 'Overall rating on  admission process', NULL, NULL, 1, 5, 'emo', '1', '0', '0000-00-00 00:00:00', '0000-00-00 00:00:00'),
(19, 'Explanation on bills and charges', NULL, NULL, 1, 6, 'emo', '1', '0', '0000-00-00 00:00:00', '0000-00-00 00:00:00'),
(20, 'Explanation on discharge advise', NULL, NULL, 1, 6, 'emo', '1', '0', '0000-00-00 00:00:00', '0000-00-00 00:00:00'),
(21, 'Time taken to discharge', NULL, NULL, 1, 6, 'emo', '1', '0', '0000-00-00 00:00:00', '0000-00-00 00:00:00'),
(22, 'Overall rating on discharge process', NULL, NULL, 1, 6, 'emo', '1', '0', '0000-00-00 00:00:00', '0000-00-00 00:00:00'),
(23, 'The help you received from hospital staff to control your pain', NULL, NULL, 1, 7, 'emo', '1', '0', '0000-00-00 00:00:00', '0000-00-00 00:00:00'),
(24, 'How did the  hospital staff respond to your health care problems', NULL, NULL, 1, 7, 'emo', '1', '0', '0000-00-00 00:00:00', '0000-00-00 00:00:00'),
(25, 'Parking facilities', NULL, NULL, 1, 8, 'emo', '1', '0', '0000-00-00 00:00:00', '0000-00-00 00:00:00'),
(26, 'Canteen facilities', NULL, NULL, 1, 8, 'emo', '1', '0', '0000-00-00 00:00:00', '0000-00-00 00:00:00'),
(27, 'Toilet Cleanliness ', NULL, NULL, 1, 8, 'emo', '1', '0', '0000-00-00 00:00:00', '0000-00-00 00:00:00'),
(28, 'General cleanliness of the hospital ', NULL, NULL, 1, 8, 'emo', '1', '0', '0000-00-00 00:00:00', '0000-00-00 00:00:00'),
(29, 'Signage and directions ', NULL, NULL, 1, 8, 'emo', '1', '0', '0000-00-00 00:00:00', '0000-00-00 00:00:00'),
(30, 'What is your overall satisfaction with Hemas Hospital?', NULL, NULL, 1, NULL, 'emo', '1', '0', '0000-00-00 00:00:00', '0000-00-00 00:00:00'),
(31, 'Would you recommend Hemas Hospital to Another Person?', NULL, NULL, 1, NULL, 'yno', '1', '0', '0000-00-00 00:00:00', '0000-00-00 00:00:00'),
(32, 'Do you wish to compliment any staff for outstanding care & services?', '', '', 1, NULL, 'tarea', '1', '0', '0000-00-00 00:00:00', '2016-01-26 08:29:25'),
(35, 'vxc', '', '', 1, 1, 'tarea', '1', '1', '2016-01-26 11:45:04', NULL);

-- --------------------------------------------------------

--
-- Table structure for table `fb_question_types`
--

CREATE TABLE IF NOT EXISTS `fb_question_types` (
  `id` int(11) NOT NULL AUTO_INCREMENT,
  `name` varchar(255) NOT NULL,
  `name_ta` varchar(255) CHARACTER SET utf8 COLLATE utf8_unicode_ci DEFAULT NULL,
  `name_si` varchar(255) CHARACTER SET utf8 COLLATE utf8_unicode_ci DEFAULT NULL,
  `location_id` int(11) NOT NULL,
  `is_published` enum('0','1') NOT NULL DEFAULT '1' COMMENT '1 = ''Published'', 0 = ''UnPublished''',
  `is_deleted` enum('0','1') NOT NULL DEFAULT '0' COMMENT '0 = not deleted , 1 = deleted',
  `added_date` datetime NOT NULL,
  `updated_date` datetime DEFAULT NULL,
  PRIMARY KEY (`id`)
) ENGINE=InnoDB  DEFAULT CHARSET=latin1 AUTO_INCREMENT=18 ;

--
-- Dumping data for table `fb_question_types`
--

INSERT INTO `fb_question_types` (`id`, `name`, `name_ta`, `name_si`, `location_id`, `is_published`, `is_deleted`, `added_date`, `updated_date`) VALUES
(1, 'Counter Staff', NULL, NULL, 2, '1', '0', '0000-00-00 00:00:00', '0000-00-00 00:00:00'),
(2, 'Nursing Staff', NULL, NULL, 2, '1', '0', '0000-00-00 00:00:00', '0000-00-00 00:00:00'),
(3, 'Medical Staff', NULL, NULL, 2, '1', '0', '0000-00-00 00:00:00', '0000-00-00 00:00:00'),
(4, 'Other Services', NULL, NULL, 2, '1', '0', '0000-00-00 00:00:00', '0000-00-00 00:00:00'),
(5, 'Admission Process', NULL, NULL, 2, '1', '0', '0000-00-00 00:00:00', '0000-00-00 00:00:00'),
(6, 'Discharge Process', NULL, NULL, 2, '1', '0', '0000-00-00 00:00:00', '0000-00-00 00:00:00'),
(7, 'Pain & complaint management', NULL, NULL, 2, '1', '0', '0000-00-00 00:00:00', '0000-00-00 00:00:00'),
(8, 'Facilities', NULL, NULL, 2, '1', '0', '0000-00-00 00:00:00', '0000-00-00 00:00:00');

-- --------------------------------------------------------

--
-- Table structure for table `fb_settings`
--

CREATE TABLE IF NOT EXISTS `fb_settings` (
  `id` int(11) NOT NULL AUTO_INCREMENT,
  `name` varchar(255) NOT NULL,
  `slug` varchar(255) NOT NULL,
  `value` varchar(255) DEFAULT NULL,
  PRIMARY KEY (`id`)
) ENGINE=InnoDB  DEFAULT CHARSET=latin1 AUTO_INCREMENT=3 ;

--
-- Dumping data for table `fb_settings`
--

INSERT INTO `fb_settings` (`id`, `name`, `slug`, `value`) VALUES
(1, 'Business Type', 'business_type', 'hotel'),
(2, 'Site URL', 'site_url', 'http://localhost/feedbox/en');

-- --------------------------------------------------------

--
-- Table structure for table `fb_user`
--

CREATE TABLE IF NOT EXISTS `fb_user` (
  `id` int(11) NOT NULL AUTO_INCREMENT,
  `name` varchar(300) NOT NULL,
  `user_name` varchar(300) NOT NULL,
  `user_type` int(11) NOT NULL COMMENT '''1'' => ''Super Admin'' ,''2'' => ''Admin'' ,''3'' => ''Report User''',
  `email` varchar(200) NOT NULL,
  `password` varchar(300) NOT NULL,
  `location_id` int(11) NOT NULL,
  `is_online` enum('1','0') NOT NULL DEFAULT '1' COMMENT 'Online =1,Offline=0',
  `is_published` enum('1','0') NOT NULL DEFAULT '1',
  `is_deleted` enum('0','1') NOT NULL DEFAULT '0',
  `added_by` int(11) DEFAULT NULL,
  `added_date` timestamp NULL DEFAULT NULL,
  `updated_date` timestamp NULL DEFAULT NULL,
  `updated_by` int(11) DEFAULT NULL,
  PRIMARY KEY (`id`)
) ENGINE=InnoDB  DEFAULT CHARSET=latin1 AUTO_INCREMENT=11 ;

--
-- Dumping data for table `fb_user`
--

INSERT INTO `fb_user` (`id`, `name`, `user_name`, `user_type`, `email`, `password`, `location_id`, `is_online`, `is_published`, `is_deleted`, `added_by`, `added_date`, `updated_date`, `updated_by`) VALUES
(1, 'Thulara', 'thulara', 1, 'tom@gmail.com', 'e10adc3949ba59abbe56e057f20f883e', 1, '0', '1', '0', 0, '2015-03-21 18:29:36', '2015-08-17 05:38:44', 0),
(8, 'Gayathma', 'gayathma', 2, 'tom@gmail.com', 'e10adc3949ba59abbe56e057f20f883e', 2, '1', '1', '0', 0, '2015-03-21 18:29:36', '2016-01-27 00:42:33', 8),
(9, 'Test', 'test', 2, 'dasds@dsd.com', 'e10adc3949ba59abbe56e057f20f883e', 2, '0', '1', '0', 1, '2016-01-26 23:53:25', '2016-01-27 01:55:41', 1),
(10, 'Test', 'gdg', 2, 'fsdfd@fdf.hfd', 'e10adc3949ba59abbe56e057f20f883e', 2, '0', '1', '0', 1, '2016-01-26 23:55:23', '2016-01-27 01:55:32', 1);

/*!40101 SET CHARACTER_SET_CLIENT=@OLD_CHARACTER_SET_CLIENT */;
/*!40101 SET CHARACTER_SET_RESULTS=@OLD_CHARACTER_SET_RESULTS */;
/*!40101 SET COLLATION_CONNECTION=@OLD_COLLATION_CONNECTION */;
